symbol,tf,window,kind,filt,n,fwd,t
BTCUSDT,1w,2,bull,all,58,0.00863972972777329,0.863041417619896
BTCUSDT,1w,2,bull,fixed20,58,0.00863972972777329,0.863041417619896
BTCUSDT,1w,2,bull,adx_gt_med,4,0.027762346733467835,
BTCUSDT,1w,2,bear,all,58,-0.023600734666029546,-1.9425826448460066
BTCUSDT,1w,2,bear,fixed20,58,-0.023600734666029546,-1.9425826448460066
BTCUSDT,1w,2,bear,adx_gt_med,2,0.01169637978800403,
BTCUSDT,1w,3,bull,all,39,0.02316714477470634,1.8553440628024145
BTCUSDT,1w,3,bull,fixed20,39,0.02316714477470634,1.8553440628024145
BTCUSDT,1w,3,bull,adx_gt_med,2,0.05237082587703423,
BTCUSDT,1w,3,bear,all,38,-0.012272294161228027,-0.8912156443035864
BTCUSDT,1w,3,bear,fixed20,38,-0.012272294161228027,-0.8912156443035864
BTCUSDT,1w,3,bear,adx_gt_med,2,0.0047780939480767115,
BTCUSDT,1w,4,bull,all,37,0.0022885791452480937,0.20431471906747053
BTCUSDT,1w,4,bull,fixed20,34,-0.004170957775075153,-0.406024926175349
BTCUSDT,1w,4,bull,adx_gt_med,2,0.05237082587703423,
BTCUSDT,1w,4,bear,all,36,-0.009880308574551334,-0.6029243330220391
BTCUSDT,1w,4,bear,fixed20,33,-0.006462860538724021,-0.3837561173091141
BTCUSDT,1w,4,bear,adx_gt_med,2,0.13404423325732429,
BTCUSDT,1w,5,bull,all,35,-0.002273472262531584,-0.18175284880732132
BTCUSDT,1w,5,bull,fixed20,29,-0.010940204362388142,-0.8557271763914769
BTCUSDT,1w,5,bull,adx_gt_med,3,-0.023098154560011408,
BTCUSDT,1w,5,bear,all,34,-0.013196685722296564,-0.7392173483325757
BTCUSDT,1w,5,bear,fixed20,32,-0.01575638029523988,-0.8343904536576492
BTCUSDT,1w,5,bear,adx_gt_med,2,0.06403874910622681,
BTCUSDT,1w,6,bull,all,30,0.008963359936268603,0.9146541376370548
BTCUSDT,1w,6,bull,fixed20,26,0.009258566752342042,0.8273260544545651
BTCUSDT,1w,6,bull,adx_gt_med,3,0.0015980658825509586,
BTCUSDT,1w,6,bear,all,29,-0.01308947939526245,-0.5716696206802734
BTCUSDT,1w,6,bear,fixed20,26,-0.017008521846507172,-0.6694099180604935
BTCUSDT,1w,6,bear,adx_gt_med,3,0.02952824895111113,
BTCUSDT,1w,7,bull,all,25,0.001250038494392376,0.10452990310695369
BTCUSDT,1w,7,bull,fixed20,21,0.007193995176482052,0.5919714095257061
BTCUSDT,1w,7,bull,adx_gt_med,5,0.020858443159219232,1.6185117379233451
BTCUSDT,1w,7,bear,all,24,-0.024166192062194707,-0.9074936100559673
BTCUSDT,1w,7,bear,fixed20,20,-0.01594629059454194,-0.5487584808253668
BTCUSDT,1w,7,bear,adx_gt_med,3,0.02952824895111113,
BTCUSDT,1w,8,bull,all,23,-0.008636115367744952,-0.5286805325139858
BTCUSDT,1w,8,bull,fixed20,19,-0.003276438922425538,-0.17873817823157137
BTCUSDT,1w,8,bull,adx_gt_med,5,0.029699118588621242,1.7117654408287206
BTCUSDT,1w,8,bear,all,23,-0.022527135679076774,-0.7904943934892681
BTCUSDT,1w,8,bear,fixed20,19,-0.013529543316680612,-0.4293343050393862
BTCUSDT,1w,8,bear,adx_gt_med,3,0.02952824895111113,
BTCUSDT,1w,9,bull,all,19,-0.0002540656969741472,-0.020078009586026156
BTCUSDT,1w,9,bull,fixed20,16,-0.0007755809943454164,-0.05176985384361892
BTCUSDT,1w,9,bull,adx_gt_med,3,0.001278424889134951,
BTCUSDT,1w,9,bear,all,19,-0.04824496008775765,-1.5998197007612418
BTCUSDT,1w,9,bear,fixed20,15,-0.03420085226820257,-0.9922861210688271
BTCUSDT,1w,9,bear,adx_gt_med,2,-0.1268657308980498,
BTCUSDT,1w,10,bull,all,21,-0.0019522732057453353,-0.12025639323895294
BTCUSDT,1w,10,bull,fixed20,16,0.017216099892191562,0.9950086442215295
BTCUSDT,1w,10,bull,adx_gt_med,4,-0.012900319032277674,
BTCUSDT,1w,10,bear,all,21,-0.057646631879438734,-2.092609618358158
BTCUSDT,1w,10,bear,fixed20,16,-0.04087151565060701,-1.2414076703775427
BTCUSDT,1w,10,bear,adx_gt_med,2,-0.1268657308980498,
BTCUSDT,1w,12,bull,all,19,0.013779591372463785,0.7179126607063899
BTCUSDT,1w,12,bull,fixed20,12,0.007394630517277641,0.45366932588272146
BTCUSDT,1w,12,bull,adx_gt_med,4,0.007687079961337495,
BTCUSDT,1w,12,bear,all,19,-0.03605891173729706,-1.6810434568980903
BTCUSDT,1w,12,bear,fixed20,13,-0.00907400151732313,-0.40259687729369187
BTCUSDT,1w,12,bear,adx_gt_med,4,-0.06232940255931618,
BTCUSDT,1w,14,bull,all,17,0.010472674959889376,0.6077637276984926
BTCUSDT,1w,14,bull,fixed20,10,0.042134358176616114,2.558399435816155
BTCUSDT,1w,14,bull,adx_gt_med,3,0.02951877439048778,
BTCUSDT,1w,14,bear,all,17,-0.009145405657120978,-0.2967890817799085
BTCUSDT,1w,14,bear,fixed20,10,0.012403851752573625,0.4335480856750811
BTCUSDT,1w,14,bear,adx_gt_med,3,-0.015219721498775374,
BTCUSDT,1w,16,bull,all,18,0.0035194311325194324,0.2172583569499783
BTCUSDT,1w,16,bull,fixed20,10,0.026835363460606033,1.6035971935591282
BTCUSDT,1w,16,bull,adx_gt_med,5,0.009225561735167953,0.4197840359971678
BTCUSDT,1w,16,bear,all,18,0.02785397441494992,0.9178537822204975
BTCUSDT,1w,16,bear,fixed20,10,0.06513050982058408,2.5098916651275496
BTCUSDT,1w,16,bear,adx_gt_med,4,0.05209140939697965,
BTCUSDT,1w,18,bull,all,17,0.010684770156937617,0.638213468880193
BTCUSDT,1w,18,bull,fixed20,9,0.029329295944815394,1.618811646270832
BTCUSDT,1w,18,bull,adx_gt_med,5,0.001773012690960174,0.12643242427572177
BTCUSDT,1w,18,bear,all,17,0.013692459752536471,0.4907041518109863
BTCUSDT,1w,18,bear,fixed20,8,0.04218115322383463,2.587688933418641
BTCUSDT,1w,18,bear,adx_gt_med,4,0.04850588713111578,
BTCUSDT,1w,21,bull,all,18,0.016808087172289963,1.0159552852227112
BTCUSDT,1w,21,bull,fixed20,8,0.028874609170122426,1.4612645872973717
BTCUSDT,1w,21,bull,adx_gt_med,5,0.00567698461989592,0.3544382406305538
BTCUSDT,1w,21,bear,all,18,0.015920674293939802,0.6151976965541173
BTCUSDT,1w,21,bear,fixed20,8,0.039950297625966205,2.150499788648132
BTCUSDT,1w,21,bear,adx_gt_med,3,0.02129937460655133,
BTCUSDT,1w,25,bull,all,16,0.007036911075828274,0.4228922286143838
BTCUSDT,1w,25,bull,fixed20,5,0.006989755854445367,0.1712526301446592
BTCUSDT,1w,25,bull,adx_gt_med,4,-0.0160393542676103,
BTCUSDT,1w,25,bear,all,16,-0.024951831655803336,-1.2159614949538498
BTCUSDT,1w,25,bear,fixed20,6,-0.017316872789427062,-1.0490791981984724
BTCUSDT,1w,25,bear,adx_gt_med,4,-0.007389193008821959,
BTCUSDT,1w,30,bull,all,9,-0.01878164241891474,-0.8796732387115298
BTCUSDT,1w,30,bull,fixed20,4,-0.011379265184271514,
BTCUSDT,1w,30,bull,adx_gt_med,2,-0.0379514480669757,
BTCUSDT,1w,30,bear,all,10,0.016845842668468537,0.934348048753731
BTCUSDT,1w,30,bear,fixed20,6,0.02123495649835779,0.8579942531479937
BTCUSDT,1w,30,bear,adx_gt_med,3,-0.0020071191627305898,
BTCUSDT,1d,2,bull,all,422,-0.0006295334918722942,-0.41516507955413356
BTCUSDT,1d,2,bull,fixed20,418,-0.0007093513738094701,-0.4641995591678442
BTCUSDT,1d,2,bull,adx_gt_med,56,-0.0035055955056303234,-0.871924924307956
BTCUSDT,1d,2,bear,all,421,-0.0010736561712242094,-0.7205672759541023
BTCUSDT,1d,2,bear,fixed20,420,-0.0010142073203483395,-0.6795915320399116
BTCUSDT,1d,2,bear,adx_gt_med,74,-0.0018100866154087216,-0.536463966778118
BTCUSDT,1d,3,bull,all,325,-0.0009288283107607224,-0.5488922259652249
BTCUSDT,1d,3,bull,fixed20,314,-0.0011704400554332296,-0.6808939731791543
BTCUSDT,1d,3,bull,adx_gt_med,47,0.0030032606471715522,0.6247710683849835
BTCUSDT,1d,3,bear,all,324,-0.0015982197074319799,-0.9585325933756275
BTCUSDT,1d,3,bear,fixed20,316,-0.0014792265026743155,-0.8697904007341335
BTCUSDT,1d,3,bear,adx_gt_med,56,0.004879330469348601,1.2750684577734046
BTCUSDT,1d,4,bull,all,266,-0.0011596999237839703,-0.6632829079037242
BTCUSDT,1d,4,bull,fixed20,250,-0.0014740691253923406,-0.8087076037310109
BTCUSDT,1d,4,bull,adx_gt_med,45,0.004173137952999966,0.9148713266045143
BTCUSDT,1d,4,bear,all,265,-0.0026839195534710076,-1.3860660513390883
BTCUSDT,1d,4,bear,fixed20,256,-0.002372249202680847,-1.1911987914314133
BTCUSDT,1d,4,bear,adx_gt_med,47,-0.0013152676571059306,-0.29751696009321704
BTCUSDT,1d,5,bull,all,229,-0.000973714806017709,-0.5108379316960178
BTCUSDT,1d,5,bull,fixed20,208,-0.001214835188674671,-0.5968293343058924
BTCUSDT,1d,5,bull,adx_gt_med,34,0.0029055904905847564,0.47336747814911
BTCUSDT,1d,5,bear,all,228,-0.0011306170394359545,-0.49484845559907714
BTCUSDT,1d,5,bear,fixed20,208,-0.0008146049542386318,-0.3318332464587908
BTCUSDT,1d,5,bear,adx_gt_med,42,-0.0034561859184511303,-0.6842984172168529
BTCUSDT,1d,6,bull,all,194,0.0023038211179506897,1.1947884489988005
BTCUSDT,1d,6,bull,fixed20,165,0.002208191466625088,1.0308823106570844
BTCUSDT,1d,6,bull,adx_gt_med,31,0.0084430435693013,1.3987583422590677
BTCUSDT,1d,6,bear,all,193,-0.0007557152652297226,-0.31493963943926967
BTCUSDT,1d,6,bear,fixed20,172,-0.00037787897869599773,-0.1475053515739643
BTCUSDT,1d,6,bear,adx_gt_med,33,-0.005294256626155666,-0.9159824416078045
BTCUSDT,1d,7,bull,all,167,0.002537712595583854,1.1910333218385492
BTCUSDT,1d,7,bull,fixed20,137,0.0025710458908852025,1.0201694128218113
BTCUSDT,1d,7,bull,adx_gt_med,29,0.006520904746548367,0.9763485370356346
BTCUSDT,1d,7,bear,all,166,-0.004559216053801098,-1.7115304758093388
BTCUSDT,1d,7,bear,fixed20,137,-0.005103755707689894,-1.7310442381241475
BTCUSDT,1d,7,bear,adx_gt_med,32,-0.003740881967829974,-0.6497100393813756
BTCUSDT,1d,8,bull,all,154,0.002145520641466346,0.9418259163774095
BTCUSDT,1d,8,bull,fixed20,121,0.002907038026978004,1.0503454485523813
BTCUSDT,1d,8,bull,adx_gt_med,26,0.0028559665731724285,0.40911029425905915
BTCUSDT,1d,8,bear,all,153,-0.008101122915400948,-2.8330597772053143
BTCUSDT,1d,8,bear,fixed20,123,-0.008184179029405535,-2.4999281809553753
BTCUSDT,1d,8,bear,adx_gt_med,28,0.0013338299028266395,0.24021885747206043
BTCUSDT,1d,9,bull,all,142,0.0025277641876520554,1.0814228524908114
BTCUSDT,1d,9,bull,fixed20,100,0.0027371891154972707,0.8940674173877176
BTCUSDT,1d,9,bull,adx_gt_med,22,0.0064638296178452515,0.9515239527622305
BTCUSDT,1d,9,bear,all,141,-0.005124768834857976,-1.7928766943319916
BTCUSDT,1d,9,bear,fixed20,105,-0.004423080422730925,-1.282671217218669
BTCUSDT,1d,9,bear,adx_gt_med,21,0.004108738715956179,0.5432909069266388
BTCUSDT,1d,10,bull,all,135,0.0048304733092896495,1.9079501032843178
BTCUSDT,1d,10,bull,fixed20,92,0.003932404708881839,1.1377474963986092
BTCUSDT,1d,10,bull,adx_gt_med,21,0.010997661307842152,1.5808634098828778
BTCUSDT,1d,10,bear,all,134,-0.0021888623883659377,-0.6911334817842587
BTCUSDT,1d,10,bear,fixed20,97,0.00011480358610032072,0.030581733103020533
BTCUSDT,1d,10,bear,adx_gt_med,22,-0.0037441348639861804,-0.6214586616440612
BTCUSDT,1d,12,bull,all,120,0.007240833261963353,2.8142271210981735
BTCUSDT,1d,12,bull,fixed20,69,0.009305507234587129,2.3932697418094455
BTCUSDT,1d,12,bull,adx_gt_med,20,0.009288307837331611,1.0773455608239022
BTCUSDT,1d,12,bear,all,119,-0.0037490550547024577,-1.041451816723698
BTCUSDT,1d,12,bear,fixed20,77,-0.0018154990277905257,-0.38129025793857063
BTCUSDT,1d,12,bear,adx_gt_med,21,0.005359367699220054,0.8540009906635212
BTCUSDT,1d,14,bull,all,109,0.0034160803164822885,1.492551424340493
BTCUSDT,1d,14,bull,fixed20,52,0.004806056838090179,1.2409464568095767
BTCUSDT,1d,14,bull,adx_gt_med,18,-0.0032480978022801613,-0.4992557869107132
BTCUSDT,1d,14,bear,all,108,-0.004285166112558452,-1.1217607935202787
BTCUSDT,1d,14,bear,fixed20,64,-0.0018856991665500249,-0.3505953542655263
BTCUSDT,1d,14,bear,adx_gt_med,22,0.015680134949746308,2.268984459524507
BTCUSDT,1d,16,bull,all,96,0.006160201685064099,2.643360416440742
BTCUSDT,1d,16,bull,fixed20,44,0.010027660205536778,2.457362262927906
BTCUSDT,1d,16,bull,adx_gt_med,16,0.001788792498969384,0.33717837181379334
BTCUSDT,1d,16,bear,all,95,-0.005196882077559159,-1.3412755542677381
BTCUSDT,1d,16,bear,fixed20,47,-0.001514045299546772,-0.24424196229721828
BTCUSDT,1d,16,bear,adx_gt_med,16,-0.003472463672871254,-0.24993379823734668
BTCUSDT,1d,18,bull,all,96,0.0033279517603055663,1.2404894634922252
BTCUSDT,1d,18,bull,fixed20,46,0.00296953949461613,0.6151039849327392
BTCUSDT,1d,18,bull,adx_gt_med,19,-0.0032113736574729095,-0.6999604398352065
BTCUSDT,1d,18,bear,all,95,-0.004246064417958327,-1.0533824260805351
BTCUSDT,1d,18,bear,fixed20,40,-0.0017561857970002758,-0.23742220312662432
BTCUSDT,1d,18,bear,adx_gt_med,15,-0.009870235380406656,-0.6494044777539382
BTCUSDT,1d,21,bull,all,89,0.004505072952767421,1.752554648084803
BTCUSDT,1d,21,bull,fixed20,34,0.008509574639645167,1.5805733572570926
BTCUSDT,1d,21,bull,adx_gt_med,23,0.00854553944383588,1.276863892774615
BTCUSDT,1d,21,bear,all,88,-0.0006096422247062232,-0.1693484197529854
BTCUSDT,1d,21,bear,fixed20,36,0.008867214052681906,1.5864488185336525
BTCUSDT,1d,21,bear,adx_gt_med,19,0.01467721497055331,1.9535642183098
BTCUSDT,1d,25,bull,all,78,0.009941908171955284,3.441593103485466
BTCUSDT,1d,25,bull,fixed20,24,0.01698037665351337,2.818777550886026
BTCUSDT,1d,25,bull,adx_gt_med,16,0.025759179544750627,3.39532668820432
BTCUSDT,1d,25,bear,all,77,-0.00234147961832956,-0.6009744839970599
BTCUSDT,1d,25,bear,fixed20,26,0.011207113054464594,1.5604496895572084
BTCUSDT,1d,25,bear,adx_gt_med,17,0.012115257646884056,1.557066229724875
BTCUSDT,1d,30,bull,all,71,0.005421716721185382,1.4780792975052592
BTCUSDT,1d,30,bull,fixed20,18,0.012336750427236235,1.664883585629867
BTCUSDT,1d,30,bull,adx_gt_med,14,0.021273936645009046,2.206672818876792
BTCUSDT,1d,30,bear,all,70,0.0004678604164462292,0.1017955055340535
BTCUSDT,1d,30,bear,fixed20,22,0.012995875014331838,1.4577191486625398
BTCUSDT,1d,30,bear,adx_gt_med,14,0.005538289412908475,0.8614792581918381
BTCUSDT,4h,2,bull,all,2522,0.0001294321307588554,0.4788168825147705
BTCUSDT,4h,2,bull,fixed20,2497,0.00014849063207744427,0.5457761360400694
BTCUSDT,4h,2,bull,adx_gt_med,444,0.0008010604142983144,1.1960128048228693
BTCUSDT,4h,2,bear,all,2522,0.00010783742418887968,0.37404928838120294
BTCUSDT,4h,2,bear,fixed20,2502,0.00013515090582345683,0.4675628597453063
BTCUSDT,4h,2,bear,adx_gt_med,477,0.0013081236798331355,1.6919647349042184
BTCUSDT,4h,3,bull,all,1949,0.0001263969127899857,0.43371365379915916
BTCUSDT,4h,3,bull,fixed20,1893,9.020512948840374e-05,0.30623808402450786
BTCUSDT,4h,3,bull,adx_gt_med,361,0.0003723999627169591,0.5095467733989265
BTCUSDT,4h,3,bear,all,1949,-0.0003432698312975861,-1.0512247663115684
BTCUSDT,4h,3,bear,fixed20,1897,-0.0003864148568400283,-1.1607511284266716
BTCUSDT,4h,3,bear,adx_gt_med,400,0.0015604820705195977,1.7737522093241198
BTCUSDT,4h,4,bull,all,1609,3.8364652425468706e-05,0.12018368526318467
BTCUSDT,4h,4,bull,fixed20,1510,6.926351377612413e-05,0.2105138077944484
BTCUSDT,4h,4,bull,adx_gt_med,295,2.0959360286923702e-05,0.026260900446023035
BTCUSDT,4h,4,bear,all,1609,-0.00031435213141117236,-0.8575778830242533
BTCUSDT,4h,4,bear,fixed20,1500,-0.0002761818732647136,-0.7106602467402124
BTCUSDT,4h,4,bear,adx_gt_med,312,0.00161050015190677,1.9364906513583802
BTCUSDT,4h,5,bull,all,1393,0.000244199102338356,0.7369295520010162
BTCUSDT,4h,5,bull,fixed20,1231,0.00018203337814486973,0.5228503741093887
BTCUSDT,4h,5,bull,adx_gt_med,261,0.0004235099438664478,0.56308933835361
BTCUSDT,4h,5,bear,all,1392,-0.0001669974144918555,-0.44508684271082716
BTCUSDT,4h,5,bear,fixed20,1229,-9.530619880305087e-05,-0.2346889372678335
BTCUSDT,4h,5,bear,adx_gt_med,266,0.0017846942025762664,1.865158414475993
BTCUSDT,4h,6,bull,all,1266,-3.380929935341248e-05,-0.0948727975788559
BTCUSDT,4h,6,bull,fixed20,1055,-0.0003781181494259648,-1.0060792235173819
BTCUSDT,4h,6,bull,adx_gt_med,231,0.0001531015795730936,0.18202171009768903
BTCUSDT,4h,6,bear,all,1265,0.000113292250490637,0.2918239559178559
BTCUSDT,4h,6,bear,fixed20,1050,0.0002489306729804683,0.5586480195963202
BTCUSDT,4h,6,bear,adx_gt_med,244,0.000698312672357601,0.8091375164460096
BTCUSDT,4h,7,bull,all,1143,-0.000320831338008277,-0.865405824845293
BTCUSDT,4h,7,bull,fixed20,877,-0.0005440032771296276,-1.3060670402627077
BTCUSDT,4h,7,bull,adx_gt_med,213,-0.000450955139474717,-0.5304943436469444
BTCUSDT,4h,7,bear,all,1142,0.00027356891868397326,0.6805798282082701
BTCUSDT,4h,7,bear,fixed20,878,0.0004416084748571702,0.9210462072089338
BTCUSDT,4h,7,bear,adx_gt_med,214,0.0011888742087573269,1.166574049587753
BTCUSDT,4h,8,bull,all,1046,-0.0003679083895001559,-0.9823696522270737
BTCUSDT,4h,8,bull,fixed20,742,-0.0007294753484268822,-1.622591416142196
BTCUSDT,4h,8,bull,adx_gt_med,199,-0.001168782794576169,-1.357237535481323
BTCUSDT,4h,8,bear,all,1045,-4.2256527509444156e-05,-0.09778686838427386
BTCUSDT,4h,8,bear,fixed20,738,0.0002966346351372619,0.5383801610345604
BTCUSDT,4h,8,bear,adx_gt_med,196,0.00047752611298101987,0.4507444966624272
BTCUSDT,4h,9,bull,all,963,-0.00037621538005001034,-0.9832123222960713
BTCUSDT,4h,9,bull,fixed20,638,-0.0005322839589158101,-1.1510835004146296
BTCUSDT,4h,9,bull,adx_gt_med,196,-0.00041352022500727416,-0.47561838862649175
BTCUSDT,4h,9,bear,all,962,2.077361400956014e-06,0.004653700978798477
BTCUSDT,4h,9,bear,fixed20,624,0.00022354187857981432,0.37195248398671316
BTCUSDT,4h,9,bear,adx_gt_med,186,-7.526900840063648e-05,-0.07523237188976024
BTCUSDT,4h,10,bull,all,883,-0.00017547654864415535,-0.4255982102474894
BTCUSDT,4h,10,bull,fixed20,541,3.9915160547924144e-05,0.07255121547536669
BTCUSDT,4h,10,bull,adx_gt_med,177,0.00017574305188633048,0.17455091011941792
BTCUSDT,4h,10,bear,all,882,3.5847259643709565e-05,0.07671295921517614
BTCUSDT,4h,10,bear,fixed20,524,-9.364403401458845e-05,-0.1416745727797453
BTCUSDT,4h,10,bear,adx_gt_med,175,-0.001166621740789127,-1.0316490328296917
BTCUSDT,4h,12,bull,all,788,-0.00034256611318802453,-0.8153003088654289
BTCUSDT,4h,12,bull,fixed20,405,-0.0005090036071631372,-0.8766089811523493
BTCUSDT,4h,12,bull,adx_gt_med,152,0.00036286185564042415,0.359145453147952
BTCUSDT,4h,12,bear,all,787,0.00016501412766679874,0.30085789138863295
BTCUSDT,4h,12,bear,fixed20,400,-0.00045948791968100254,-0.5904772271168625
BTCUSDT,4h,12,bear,adx_gt_med,154,-0.00040350860883742754,-0.3162157780172314
BTCUSDT,4h,14,bull,all,713,0.00039859683876570314,0.8853814453975487
BTCUSDT,4h,14,bull,fixed20,338,0.00041054417278249067,0.5780938445625098
BTCUSDT,4h,14,bull,adx_gt_med,143,0.0012290933673496434,0.9574724641690464
BTCUSDT,4h,14,bear,all,712,0.0003531920307670693,0.6314593897517132
BTCUSDT,4h,14,bear,fixed20,326,0.0002117615748187255,0.262878552445525
BTCUSDT,4h,14,bear,adx_gt_med,160,0.0006413040846060508,0.5010231883749116
BTCUSDT,4h,16,bull,all,649,0.0005713983358418237,1.1788112716369528
BTCUSDT,4h,16,bull,fixed20,283,0.0010552254672313612,1.3803993364140468
BTCUSDT,4h,16,bull,adx_gt_med,136,0.0019457940701222503,1.5167777431520557
BTCUSDT,4h,16,bear,all,648,0.00032526484099736297,0.5881534360042004
BTCUSDT,4h,16,bear,fixed20,265,0.0005175126872848827,0.5776439655404465
BTCUSDT,4h,16,bear,adx_gt_med,145,0.0012325832461362637,0.9162842831848491
BTCUSDT,4h,18,bull,all,611,0.00010089608469530095,0.19557117109870045
BTCUSDT,4h,18,bull,fixed20,236,0.0006964107166458029,0.7392197087670375
BTCUSDT,4h,18,bull,adx_gt_med,136,0.0022968334768867856,1.696401716654836
BTCUSDT,4h,18,bear,all,610,0.0004480783259737396,0.7554674683990953
BTCUSDT,4h,18,bear,fixed20,230,0.0016321775418103317,1.6398001893302991
BTCUSDT,4h,18,bear,adx_gt_med,134,0.0016389602564699359,1.0322321755389903
BTCUSDT,4h,21,bull,all,567,0.00035219819712530807,0.6785188684169333
BTCUSDT,4h,21,bull,fixed20,189,0.001343702066037686,1.2694057403554593
BTCUSDT,4h,21,bull,adx_gt_med,128,0.001808366055366095,1.3300669632551474
BTCUSDT,4h,21,bear,all,566,0.0008657473390104859,1.450097985630255
BTCUSDT,4h,21,bear,fixed20,175,0.003021936234348687,2.683069476995463
BTCUSDT,4h,21,bear,adx_gt_med,126,0.003934710136131343,2.696227486390933
BTCUSDT,4h,25,bull,all,523,0.00030493233344070257,0.5403055555040019
BTCUSDT,4h,25,bull,fixed20,128,0.0013800721802797048,1.2069053264416933
BTCUSDT,4h,25,bull,adx_gt_med,114,0.0018916416617393782,1.546721530898897
BTCUSDT,4h,25,bear,all,522,-3.032713441358803e-05,-0.04587226250339949
BTCUSDT,4h,25,bear,fixed20,123,2.6123738954758566e-05,0.015448314820997566
BTCUSDT,4h,25,bear,adx_gt_med,117,0.0017597664991153541,1.1240284283077764
BTCUSDT,4h,30,bull,all,471,0.0008190009711073196,1.279241102511324
BTCUSDT,4h,30,bull,fixed20,110,0.0007821799290576763,0.41908925026754196
BTCUSDT,4h,30,bull,adx_gt_med,110,0.0008668356056608146,0.47087959188428685
BTCUSDT,4h,30,bear,all,470,-9.522898044318212e-06,-0.014900338510948082
BTCUSDT,4h,30,bear,fixed20,98,0.0027099385925537884,1.343024129552436
BTCUSDT,4h,30,bear,adx_gt_med,111,0.0016498935041454339,0.9508771830017546
ETHUSDT,1w,2,bull,all,44,0.035706812431874665,2.181930481727048
ETHUSDT,1w,2,bull,fixed20,44,0.035706812431874665,2.181930481727048
ETHUSDT,1w,2,bull,adx_gt_med,1,-0.011906535266185236,
ETHUSDT,1w,2,bear,all,43,0.00424838386495472,0.268504537586325
ETHUSDT,1w,2,bear,fixed20,43,0.00424838386495472,0.268504537586325
ETHUSDT,1w,2,bear,adx_gt_med,3,0.015896320177401464,
ETHUSDT,1w,3,bull,all,38,0.008939718697650936,0.5409925714143359
ETHUSDT,1w,3,bull,fixed20,37,0.008293326651360925,0.4888641483821539
ETHUSDT,1w,3,bull,adx_gt_med,2,-0.009291810604654338,
ETHUSDT,1w,3,bear,all,37,-0.0021754535500391253,-0.10749925244019609
ETHUSDT,1w,3,bear,fixed20,37,-0.0021754535500391253,-0.10749925244019609
ETHUSDT,1w,3,bear,adx_gt_med,3,0.07979020577929807,
ETHUSDT,1w,4,bull,all,30,0.0404662820301117,2.4288509982073268
ETHUSDT,1w,4,bull,fixed20,30,0.0404662820301117,2.4288509982073268
ETHUSDT,1w,4,bull,adx_gt_med,2,0.02182888520644416,
ETHUSDT,1w,4,bear,all,29,0.01758329127598023,1.070292112085917
ETHUSDT,1w,4,bear,fixed20,29,0.01758329127598023,1.070292112085917
ETHUSDT,1w,4,bear,adx_gt_med,3,0.0770657496106429,
ETHUSDT,1w,5,bull,all,29,0.021740445741087477,1.1983910630216614
ETHUSDT,1w,5,bull,fixed20,29,0.021740445741087477,1.1983910630216614
ETHUSDT,1w,5,bull,adx_gt_med,3,-0.024573791264784983,
ETHUSDT,1w,5,bear,all,28,0.007860119989871517,0.5175269621820324
ETHUSDT,1w,5,bear,fixed20,28,0.007860119989871517,0.5175269621820324
ETHUSDT,1w,5,bear,adx_gt_med,3,0.058584246365711655,
ETHUSDT,1w,6,bull,all,23,0.0035902524080890304,0.13994081705016306
ETHUSDT,1w,6,bull,fixed20,23,0.0035902524080890304,0.13994081705016306
ETHUSDT,1w,6,bull,adx_gt_med,1,-0.00667708594312344,
ETHUSDT,1w,6,bear,all,22,-0.02230559808640424,-1.123139305244242
ETHUSDT,1w,6,bear,fixed20,22,-0.02230559808640424,-1.123139305244242
ETHUSDT,1w,6,bear,adx_gt_med,2,-0.02161475109506389,
ETHUSDT,1w,7,bull,all,24,0.00020055385612107826,0.009316162832371085
ETHUSDT,1w,7,bull,fixed20,24,0.00020055385612107826,0.009316162832371085
ETHUSDT,1w,7,bull,adx_gt_med,1,-0.00667708594312344,
ETHUSDT,1w,7,bear,all,23,-0.022021786651447387,-1.1010299933232477
ETHUSDT,1w,7,bear,fixed20,23,-0.022021786651447387,-1.1010299933232477
ETHUSDT,1w,7,bear,adx_gt_med,2,-0.02161475109506389,
ETHUSDT,1w,8,bull,all,23,0.0025273160893489214,0.12001915708197079
ETHUSDT,1w,8,bull,fixed20,21,0.004547444857451521,0.19733429236804098
ETHUSDT,1w,8,bull,adx_gt_med,2,-0.08528407107816993,
ETHUSDT,1w,8,bear,all,22,-0.03533238624953083,-1.8590769253227728
ETHUSDT,1w,8,bear,fixed20,19,-0.03139317226497815,-1.491663791607854
ETHUSDT,1w,8,bear,adx_gt_med,1,-0.040871422757081,
ETHUSDT,1w,9,bull,all,22,0.00142871148600005,0.07270723252458573
ETHUSDT,1w,9,bull,fixed20,19,0.008953956564143896,0.4069089428131096
ETHUSDT,1w,9,bull,adx_gt_med,2,-0.08528407107816993,
ETHUSDT,1w,9,bear,all,21,-0.016962670690523998,-0.8205138318802846
ETHUSDT,1w,9,bear,fixed20,18,-0.00974299222477281,-0.4264830550778573
ETHUSDT,1w,9,bear,adx_gt_med,3,-0.07505828471607696,
ETHUSDT,1w,10,bull,all,21,0.03192845509459995,1.7225256516057728
ETHUSDT,1w,10,bull,fixed20,18,0.036337243431705774,1.7110732273968343
ETHUSDT,1w,10,bull,adx_gt_med,1,-0.00667708594312344,
ETHUSDT,1w,10,bear,all,20,-0.0008303159286748962,-0.03557623833851438
ETHUSDT,1w,10,bear,fixed20,18,0.008312130857544182,0.34098045569393726
ETHUSDT,1w,10,bear,adx_gt_med,2,-0.0534543537116538,
ETHUSDT,1w,12,bull,all,19,0.015122507218665406,0.547925870884494
ETHUSDT,1w,12,bull,fixed20,13,-8.02735801182807e-05,-0.0021789078774064343
ETHUSDT,1w,12,bull,adx_gt_med,3,-0.041022016035625795,
ETHUSDT,1w,12,bear,all,18,-0.024331702971616315,-0.8718672204059438
ETHUSDT,1w,12,bear,fixed20,14,-0.026862903074318507,-0.813655592293292
ETHUSDT,1w,12,bear,adx_gt_med,1,0.015052812341871835,
ETHUSDT,1w,14,bull,all,17,0.023828805162440875,0.850587205997801
ETHUSDT,1w,14,bull,fixed20,11,0.01619415417948975,0.4215999595774646
ETHUSDT,1w,14,bull,adx_gt_med,2,-0.07223052343288755,
ETHUSDT,1w,14,bear,all,16,-0.01746028176763092,-0.5349135314491922
ETHUSDT,1w,14,bear,fixed20,9,0.0035174015556062896,0.07397952041487904
ETHUSDT,1w,14,bear,adx_gt_med,1,0.10715796656431253,
ETHUSDT,1w,16,bull,all,14,0.0389068991108788,1.211539641790262
ETHUSDT,1w,16,bull,fixed20,10,0.02189573219046661,0.5327680320475223
ETHUSDT,1w,16,bull,adx_gt_med,3,-0.07320703945353513,
ETHUSDT,1w,16,bear,all,14,0.009127241124118795,0.33221782765154917
ETHUSDT,1w,16,bear,fixed20,6,0.02248582059260129,0.3852204325386907
ETHUSDT,1w,16,bear,adx_gt_med,1,0.10715796656431253,
ETHUSDT,1w,18,bull,all,13,0.08098315781121906,2.0621601850709848
ETHUSDT,1w,18,bull,fixed20,7,0.011923115176161419,0.31812616250552656
ETHUSDT,1w,18,bull,adx_gt_med,2,-0.047024261434572334,
ETHUSDT,1w,18,bear,all,13,0.008351605365050582,0.3276173767270634
ETHUSDT,1w,18,bear,fixed20,5,0.030039479541227675,0.5496363729194566
ETHUSDT,1w,18,bear,adx_gt_med,1,0.10715796656431253,
ETHUSDT,1w,21,bull,all,10,0.09388352187931027,1.9911620700796573
ETHUSDT,1w,21,bull,fixed20,1,-0.0905389405180711,
ETHUSDT,1w,21,bull,adx_gt_med,3,-0.047702410265712945,
ETHUSDT,1w,21,bear,all,10,-0.021158993521650994,-1.0734596601826638
ETHUSDT,1w,21,bear,fixed20,2,0.006087227869681855,
ETHUSDT,1w,21,bear,adx_gt_med,2,-0.092945867298306,
ETHUSDT,1w,25,bull,all,11,0.1048332822091603,2.4514957687524883
ETHUSDT,1w,25,bull,fixed20,1,-0.0905389405180711,
ETHUSDT,1w,25,bull,adx_gt_med,1,-0.018888451374314386,
ETHUSDT,1w,25,bear,all,11,-0.007175911631768208,-0.3191227971838584
ETHUSDT,1w,25,bear,fixed20,1,0.06183751748906241,
ETHUSDT,1w,25,bear,adx_gt_med,1,-0.0496630617496987,
ETHUSDT,1w,30,bull,all,10,0.0741908321711042,1.7193431878855616
ETHUSDT,1w,30,bull,fixed20,1,0.06865413499613116,
ETHUSDT,1w,30,bull,adx_gt_med,2,-0.001479322756881507,
ETHUSDT,1w,30,bear,all,10,-0.018421397563654816,-0.8075114593325898
ETHUSDT,1w,30,bear,fixed20,1,0.024682848826904857,
ETHUSDT,1w,30,bear,adx_gt_med,1,-0.0496630617496987,
ETHUSDT,1d,2,bull,all,399,-0.0010134099221364868,-0.47167824707678335
ETHUSDT,1d,2,bull,fixed20,398,-0.0010067523106414694,-0.4674059336524561
ETHUSDT,1d,2,bull,adx_gt_med,58,-0.006087883818378123,-1.2615604567018142
ETHUSDT,1d,2,bear,all,398,0.002410115365649314,1.1469733187012514
ETHUSDT,1d,2,bear,fixed20,396,0.002421954942752577,1.1469235972066498
ETHUSDT,1d,2,bear,adx_gt_med,64,-0.0037805117035121776,-0.7769787923490062
ETHUSDT,1d,3,bull,all,328,-7.970960299306838e-05,-0.039140025825119
ETHUSDT,1d,3,bull,fixed20,325,1.0693308410305751e-05,0.005218191680429168
ETHUSDT,1d,3,bull,adx_gt_med,53,-0.009032485456866782,-1.89233567778513
ETHUSDT,1d,3,bear,all,327,0.0012092180657129812,0.5329590979947134
ETHUSDT,1d,3,bear,fixed20,322,0.001181825106721204,0.5139048991444605
ETHUSDT,1d,3,bear,adx_gt_med,49,0.0016547739079123321,0.294946364101383
ETHUSDT,1d,4,bull,all,276,0.0017978599278591562,0.7854976746835403
ETHUSDT,1d,4,bull,fixed20,265,0.0016889028597957187,0.7128216917946136
ETHUSDT,1d,4,bull,adx_gt_med,43,-0.008550842328576941,-1.613989383744166
ETHUSDT,1d,4,bear,all,276,0.0005387065325517634,0.20923987134712735
ETHUSDT,1d,4,bear,fixed20,265,0.000990417428431165,0.3797377697724512
ETHUSDT,1d,4,bear,adx_gt_med,45,-0.0025078983450565907,-0.35203576894740424
ETHUSDT,1d,5,bull,all,226,0.005405099192104925,1.8840744578896325
ETHUSDT,1d,5,bull,fixed20,198,0.005862782534436007,1.854161624730296
ETHUSDT,1d,5,bull,adx_gt_med,32,-0.004033558509424943,-0.5852855823629781
ETHUSDT,1d,5,bear,all,225,-0.00016064191291762016,-0.05696764299029859
ETHUSDT,1d,5,bear,fixed20,201,-0.0007921890128336041,-0.25795598159250377
ETHUSDT,1d,5,bear,adx_gt_med,30,-0.016214830866445578,-1.6435600774196522
ETHUSDT,1d,6,bull,all,199,0.003815563810721116,1.2777048225762775
ETHUSDT,1d,6,bull,fixed20,169,0.0030543440747014135,0.92015060234933
ETHUSDT,1d,6,bull,adx_gt_med,32,0.002641884467876221,0.39341573019845316
ETHUSDT,1d,6,bear,all,198,-0.0002112222533516833,-0.07012605758667241
ETHUSDT,1d,6,bear,fixed20,169,0.0003281158901050281,0.09823641142984696
ETHUSDT,1d,6,bear,adx_gt_med,33,-0.005445815903092505,-0.6610307924176269
ETHUSDT,1d,7,bull,all,176,0.004099263059396475,1.2888848803989021
ETHUSDT,1d,7,bull,fixed20,140,0.004951533114613572,1.3336025701637604
ETHUSDT,1d,7,bull,adx_gt_med,27,0.0030503962916227285,0.43575559624566057
ETHUSDT,1d,7,bear,all,175,-0.0023987306713331913,-0.8273027760346702
ETHUSDT,1d,7,bear,fixed20,144,-0.001826746397562874,-0.5786563006382597
ETHUSDT,1d,7,bear,adx_gt_med,36,-0.00032349061246896786,-0.044679720441391305
ETHUSDT,1d,8,bull,all,149,0.005492546268349179,1.4968129269530988
ETHUSDT,1d,8,bull,fixed20,114,0.008128237360592446,1.7810687992416325
ETHUSDT,1d,8,bull,adx_gt_med,24,0.007634752312535557,0.841591886615418
ETHUSDT,1d,8,bear,all,148,-0.006515354384251241,-1.7603478713630842
ETHUSDT,1d,8,bear,fixed20,113,-0.004232524996664959,-1.0870777833094334
ETHUSDT,1d,8,bear,adx_gt_med,27,-0.0023472385583609753,-0.2746310133660227
ETHUSDT,1d,9,bull,all,137,0.0032419024830727746,0.9244723633782708
ETHUSDT,1d,9,bull,fixed20,97,0.006581895547022289,1.3899437855067656
ETHUSDT,1d,9,bull,adx_gt_med,21,-0.005186237712052849,-0.9694388517956359
ETHUSDT,1d,9,bear,all,136,-0.007819470006756942,-1.950597535776883
ETHUSDT,1d,9,bear,fixed20,100,-0.006495839679263535,-1.488095193740802
ETHUSDT,1d,9,bear,adx_gt_med,24,-0.006162633658778893,-0.7015238518070184
ETHUSDT,1d,10,bull,all,130,0.0025919694206436488,0.7045252938611231
ETHUSDT,1d,10,bull,fixed20,88,0.00563761189867839,1.0900135933629067
ETHUSDT,1d,10,bull,adx_gt_med,18,0.005792750026450201,0.5998143935937132
ETHUSDT,1d,10,bear,all,129,-0.0065421674454216325,-1.6274438291578017
ETHUSDT,1d,10,bear,fixed20,91,-0.007683048765614092,-1.5755507193322644
ETHUSDT,1d,10,bear,adx_gt_med,24,-0.0033661617156893245,-0.32111507723313243
ETHUSDT,1d,12,bull,all,115,0.001055093354449533,0.3110147372898875
ETHUSDT,1d,12,bull,fixed20,74,-0.00026014153584059913,-0.0697780661542449
ETHUSDT,1d,12,bull,adx_gt_med,21,-0.010502374448083603,-2.1537149820737103
ETHUSDT,1d,12,bear,all,114,-0.007948879245863546,-2.027708390293389
ETHUSDT,1d,12,bear,fixed20,72,-0.011577954640162069,-2.191518736069542
ETHUSDT,1d,12,bear,adx_gt_med,25,-0.003454803217158453,-0.33607312399833345
ETHUSDT,1d,14,bull,all,104,-0.0009909847993765481,-0.271143159898177
ETHUSDT,1d,14,bull,fixed20,62,-0.004681941718515161,-1.2235356253246648
ETHUSDT,1d,14,bull,adx_gt_med,18,-0.011143268859255337,-1.5354181250093524
ETHUSDT,1d,14,bear,all,103,-0.001670025641607656,-0.40179575012152635
ETHUSDT,1d,14,bear,fixed20,60,-0.0011964591574633845,-0.1921642414607303
ETHUSDT,1d,14,bear,adx_gt_med,20,0.0024373938410299943,0.189776695505194
ETHUSDT,1d,16,bull,all,92,0.0038627727826624457,0.8971486558503894
ETHUSDT,1d,16,bull,fixed20,48,0.0025928754253064534,0.4563310266871901
ETHUSDT,1d,16,bull,adx_gt_med,17,0.009861339969042515,0.9903836186726734
ETHUSDT,1d,16,bear,all,91,0.004287372625513548,0.934192381215689
ETHUSDT,1d,16,bear,fixed20,48,0.007573650532220313,1.0826898983841222
ETHUSDT,1d,16,bear,adx_gt_med,17,0.018872674147598235,1.2907931078743347
ETHUSDT,1d,18,bull,all,88,0.0007655985220135396,0.16984686652670433
ETHUSDT,1d,18,bull,fixed20,43,-0.001098676996864534,-0.17950687328252996
ETHUSDT,1d,18,bull,adx_gt_med,17,0.0022657981107621987,0.20871498412893796
ETHUSDT,1d,18,bear,all,87,0.006167717601245371,1.1724807945985498
ETHUSDT,1d,18,bear,fixed20,44,0.003525549732771552,0.4554975528590564
ETHUSDT,1d,18,bear,adx_gt_med,14,0.025544995426180883,2.3505486479808524
ETHUSDT,1d,21,bull,all,82,0.006305991094455558,1.7141685298425349
ETHUSDT,1d,21,bull,fixed20,34,0.004216514272946771,0.628601734713075
ETHUSDT,1d,21,bull,adx_gt_med,18,0.003040553200968293,0.28473531355916504
ETHUSDT,1d,21,bear,all,81,0.0034626321856334,0.6197756223057445
ETHUSDT,1d,21,bear,fixed20,38,0.011711806149159846,1.1205591053271493
ETHUSDT,1d,21,bear,adx_gt_med,17,0.027647882253283206,2.1224623683946664
ETHUSDT,1d,25,bull,all,72,0.004911833246496879,1.1849731183677719
ETHUSDT,1d,25,bull,fixed20,23,0.0011203166009164402,0.11767250329005978
ETHUSDT,1d,25,bull,adx_gt_med,11,0.0091822149862883,0.6038896191216788
ETHUSDT,1d,25,bear,all,71,0.0035132184575978557,0.5781363018581351
ETHUSDT,1d,25,bear,fixed20,26,0.021753775136818896,2.0669982502663915
ETHUSDT,1d,25,bear,adx_gt_med,12,0.03680773674286424,1.8702434249511553
ETHUSDT,1d,30,bull,all,69,0.007634615335968382,1.6444415292912762
ETHUSDT,1d,30,bull,fixed20,16,0.012440453672969407,1.2875250666025297
ETHUSDT,1d,30,bull,adx_gt_med,10,0.015559014481989064,1.1232595796228328
ETHUSDT,1d,30,bear,all,68,0.006084000358223609,0.845542795576852
ETHUSDT,1d,30,bear,fixed20,15,0.026367318647088973,1.358559409083252
ETHUSDT,1d,30,bear,adx_gt_med,14,0.02692555984447396,1.3173715247194162
ETHUSDT,4h,2,bull,all,2511,0.00038502091774199906,1.1445436655941421
ETHUSDT,4h,2,bull,fixed20,2500,0.00037423414757510403,1.1082611691606643
ETHUSDT,4h,2,bull,adx_gt_med,401,-0.0005843162128574681,-0.6958220690977444
ETHUSDT,4h,2,bear,all,2511,0.00017275122359453797,0.4835368217444893
ETHUSDT,4h,2,bear,fixed20,2491,0.00014058986329415073,0.39223605473948225
ETHUSDT,4h,2,bear,adx_gt_med,461,0.0005607313687866686,0.6246756484483974
ETHUSDT,4h,3,bull,all,1978,0.00018710329563007133,0.5173160252775786
ETHUSDT,4h,3,bull,fixed20,1930,9.945279322917933e-05,0.2712044294714546
ETHUSDT,4h,3,bull,adx_gt_med,337,-0.00033392489664338756,-0.40641033828323336
ETHUSDT,4h,3,bear,all,1977,0.00012055371650631994,0.30017819605772916
ETHUSDT,4h,3,bear,fixed20,1932,0.00011203240140018065,0.27996617775583155
ETHUSDT,4h,3,bear,adx_gt_med,375,0.0003327636900646886,0.33133533068039456
ETHUSDT,4h,4,bull,all,1687,7.300442794274868e-05,0.1871405590200655
ETHUSDT,4h,4,bull,fixed20,1579,5.3293608541010734e-05,0.13052795201401532
ETHUSDT,4h,4,bull,adx_gt_med,296,0.0004306285224214099,0.46104392247629944
ETHUSDT,4h,4,bear,all,1686,0.00019802931722606392,0.4580650405144332
ETHUSDT,4h,4,bear,fixed20,1584,0.00028582414726512106,0.6450642299712859
ETHUSDT,4h,4,bear,adx_gt_med,318,0.0014098435066733413,1.2090393656079728
ETHUSDT,4h,5,bull,all,1448,0.0003966961062338712,0.9804308429127555
ETHUSDT,4h,5,bull,fixed20,1267,0.0005981813610923214,1.3668813176512555
ETHUSDT,4h,5,bull,adx_gt_med,261,-0.00020806513783954878,-0.21411474785755313
ETHUSDT,4h,5,bear,all,1447,-2.307314656253478e-05,-0.0517777398805289
ETHUSDT,4h,5,bear,fixed20,1286,-5.074763859155645e-05,-0.10592254643360434
ETHUSDT,4h,5,bear,adx_gt_med,281,0.0009124491619597315,0.7581069394829709
ETHUSDT,4h,6,bull,all,1301,0.00016313781532229372,0.3744291582563133
ETHUSDT,4h,6,bull,fixed20,1060,0.00029123381738357316,0.5945588037851806
ETHUSDT,4h,6,bull,adx_gt_med,224,-0.0005816147066099864,-0.5288797374996352
ETHUSDT,4h,6,bear,all,1300,-0.00012023055545890253,-0.2470003180169775
ETHUSDT,4h,6,bear,fixed20,1062,-0.0002800807815776447,-0.5024872848428779
ETHUSDT,4h,6,bear,adx_gt_med,255,0.0009691570098066596,0.7712159038392558
ETHUSDT,4h,7,bull,all,1172,0.00023104970705118414,0.5052507960928305
ETHUSDT,4h,7,bull,fixed20,884,6.4963142555625e-05,0.12328179091969003
ETHUSDT,4h,7,bull,adx_gt_med,213,-0.000518572627728297,-0.4474111078435117
ETHUSDT,4h,7,bear,all,1171,-0.00012119563812426898,-0.23946816403876997
ETHUSDT,4h,7,bear,fixed20,883,-0.00023358640247765514,-0.3801921569551889
ETHUSDT,4h,7,bear,adx_gt_med,230,-0.0002862231401962097,-0.2243522084450065
ETHUSDT,4h,8,bull,all,1064,0.0005020519255773448,1.060525224065137
ETHUSDT,4h,8,bull,fixed20,727,0.0006170280552467676,1.1054666576991958
ETHUSDT,4h,8,bull,adx_gt_med,183,0.0002561951344160245,0.21245864651589938
ETHUSDT,4h,8,bear,all,1063,0.0003062728728274832,0.5745036210139927
ETHUSDT,4h,8,bear,fixed20,743,0.0001635656909608951,0.24749512162743564
ETHUSDT,4h,8,bear,adx_gt_med,193,0.00018461137951190898,0.1279323075035926
ETHUSDT,4h,9,bull,all,980,0.00012891612943351653,0.2691973944997546
ETHUSDT,4h,9,bull,fixed20,621,-0.0003798312310253494,-0.6261375236691671
ETHUSDT,4h,9,bull,adx_gt_med,165,0.00014245171788319734,0.1203116740941058
ETHUSDT,4h,9,bear,all,979,0.000671417556676743,1.2179692473131938
ETHUSDT,4h,9,bear,fixed20,618,0.0008972598105893148,1.2185843761808572
ETHUSDT,4h,9,bear,adx_gt_med,178,0.0008195747995798183,0.5464828113583745
ETHUSDT,4h,10,bull,all,901,5.3243129631472486e-05,0.1043753909655805
ETHUSDT,4h,10,bull,fixed20,516,-0.0004633808150021976,-0.6775067866658621
ETHUSDT,4h,10,bull,adx_gt_med,166,-0.0011209737528325937,-0.9192405862293929
ETHUSDT,4h,10,bear,all,900,-9.000082355522273e-05,-0.1558714735240329
ETHUSDT,4h,10,bear,fixed20,504,-0.00012844810458417853,-0.1530725648791315
ETHUSDT,4h,10,bear,adx_gt_med,164,-0.0007627722031509679,-0.4382113659352112
ETHUSDT,4h,12,bull,all,811,0.0001998995636092838,0.343092226288444
ETHUSDT,4h,12,bull,fixed20,389,-0.0002569848164146358,-0.3002551699400216
ETHUSDT,4h,12,bull,adx_gt_med,158,-0.003467614634400337,-2.447428612597576
ETHUSDT,4h,12,bear,all,810,-0.0009773343262621007,-1.6262048173919041
ETHUSDT,4h,12,bear,fixed20,400,-0.0009468950504256399,-0.9526792401088143
ETHUSDT,4h,12,bear,adx_gt_med,159,-0.001247086252838995,-0.6457656566019654
ETHUSDT,4h,14,bull,all,757,0.0011125299595796236,1.8793109157712593
ETHUSDT,4h,14,bull,fixed20,318,0.0016312513982423746,1.7351238451438997
ETHUSDT,4h,14,bull,adx_gt_med,144,0.0004398675195126432,0.3151469709161466
ETHUSDT,4h,14,bear,all,756,-0.0007502284653660338,-1.2114752535894042
ETHUSDT,4h,14,bear,fixed20,330,-0.000386476949968929,-0.36851477638021396
ETHUSDT,4h,14,bear,adx_gt_med,152,-0.0004889955802177051,-0.2730349870436823
ETHUSDT,4h,16,bull,all,713,0.0006791273260022413,1.1968972834371843
ETHUSDT,4h,16,bull,fixed20,264,0.0010375346363581735,0.9544397151471211
ETHUSDT,4h,16,bull,adx_gt_med,141,0.0013396069960532689,0.9618366962971399
ETHUSDT,4h,16,bear,all,712,-0.0009607971430364025,-1.4988183821374803
ETHUSDT,4h,16,bear,fixed20,267,-0.0010605797892621236,-0.9253251695699461
ETHUSDT,4h,16,bear,adx_gt_med,144,-0.0013085528352395842,-0.7672921324217034
ETHUSDT,4h,18,bull,all,645,0.0009601451677654184,1.5622861156431003
ETHUSDT,4h,18,bull,fixed20,204,0.0005795224375886434,0.45559004509974166
ETHUSDT,4h,18,bull,adx_gt_med,130,0.0011552449914849375,0.6624793990911987
ETHUSDT,4h,18,bear,all,644,-0.0010540155241199316,-1.600981691455634
ETHUSDT,4h,18,bear,fixed20,203,-0.001514790599407341,-1.139926880780002
ETHUSDT,4h,18,bear,adx_gt_med,131,-0.001445032364992063,-0.7793923353025229
ETHUSDT,4h,21,bull,all,584,0.0014495675038085978,2.417480752276737
ETHUSDT,4h,21,bull,fixed20,145,0.0024563844141669284,1.7000739068477126
ETHUSDT,4h,21,bull,adx_gt_med,109,0.001842663155477165,1.1009412544051353
ETHUSDT,4h,21,bear,all,583,-0.0012422729311523254,-1.779722615169026
ETHUSDT,4h,21,bear,fixed20,146,-0.0027589429134589638,-1.6011569667911087
ETHUSDT,4h,21,bear,adx_gt_med,112,-0.0023003884298643707,-1.083563200963371
ETHUSDT,4h,25,bull,all,526,0.0008109263145195323,1.212577087511993
ETHUSDT,4h,25,bull,fixed20,111,0.002000066197879426,1.1107045595061207
ETHUSDT,4h,25,bull,adx_gt_med,109,0.0009245082762254001,0.5263312105817144
ETHUSDT,4h,25,bear,all,526,-0.0002775901108913974,-0.37592841509514674
ETHUSDT,4h,25,bear,fixed20,121,-0.002646282907417186,-1.3002296097456774
ETHUSDT,4h,25,bear,adx_gt_med,115,-0.001302032021851003,-0.6185511971143022
ETHUSDT,4h,30,bull,all,456,0.0008144595524242906,1.1932916893700154
ETHUSDT,4h,30,bull,fixed20,82,-0.00010666967780264155,-0.056455377309915025
ETHUSDT,4h,30,bull,adx_gt_med,102,0.0007173287946225079,0.4270428599453663
ETHUSDT,4h,30,bear,all,455,0.0003147247636693243,0.401261951042296
ETHUSDT,4h,30,bear,fixed20,83,-0.00028402724696857337,-0.12636862961499154
ETHUSDT,4h,30,bear,adx_gt_med,101,-9.618068290430312e-05,-0.04341036776702179
SOLUSDT,1w,2,bull,all,39,0.02307268966589726,0.8127591291160737
SOLUSDT,1w,2,bull,fixed20,39,0.02307268966589726,0.8127591291160737
SOLUSDT,1w,2,bull,adx_gt_med,3,0.03668447647430343,
SOLUSDT,1w,2,bear,all,39,-0.012088249613095972,-0.5361944011262996
SOLUSDT,1w,2,bear,fixed20,39,-0.012088249613095972,-0.5361944011262996
SOLUSDT,1w,2,bear,adx_gt_med,3,-0.014812601662641126,
SOLUSDT,1w,3,bull,all,31,0.005718206189404619,0.2077541508778541
SOLUSDT,1w,3,bull,fixed20,31,0.005718206189404619,0.2077541508778541
SOLUSDT,1w,3,bull,adx_gt_med,2,-0.0054385781259354005,
SOLUSDT,1w,3,bear,all,30,-0.007755473612731989,-0.3681900932597551
SOLUSDT,1w,3,bear,fixed20,29,-0.007619596618938318,-0.34948068579790675
SOLUSDT,1w,3,bear,adx_gt_med,3,-0.014812601662641126,
SOLUSDT,1w,4,bull,all,26,0.0007475182180349089,0.017439841096410582
SOLUSDT,1w,4,bull,fixed20,26,0.0007475182180349089,0.017439841096410582
SOLUSDT,1w,4,bull,adx_gt_med,1,-0.013099498926270492,
SOLUSDT,1w,4,bear,all,25,-0.029461096204470964,-1.7515755245428624
SOLUSDT,1w,4,bear,fixed20,23,-0.03004342081544582,-1.6419789693454507
SOLUSDT,1w,4,bear,adx_gt_med,3,-0.0052258241597545885,
SOLUSDT,1w,5,bull,all,26,-0.011106580998572159,-0.2467778381754301
SOLUSDT,1w,5,bull,fixed20,23,-0.0007618714867954214,-0.015583963825725189
SOLUSDT,1w,5,bull,adx_gt_med,1,-0.13795604555015606,
SOLUSDT,1w,5,bear,all,25,-0.019683210640277875,-1.1657968897471476
SOLUSDT,1w,5,bear,fixed20,22,-0.018956910765139022,-0.9863081943975268
SOLUSDT,1w,5,bear,adx_gt_med,3,-0.0052258241597545885,
SOLUSDT,1w,6,bull,all,25,0.001049337905470491,0.022813551715569674
SOLUSDT,1w,6,bull,fixed20,17,0.05789724043020454,1.1258383183170388
SOLUSDT,1w,6,bull,adx_gt_med,1,-0.11640924639784389,
SOLUSDT,1w,6,bear,all,24,-0.019495813229879495,-1.079151965057949
SOLUSDT,1w,6,bear,fixed20,18,-0.025222689185246807,-1.0645345469910015
SOLUSDT,1w,6,bear,adx_gt_med,1,0.052182583647241154,
SOLUSDT,1w,7,bull,all,22,-0.0243093359000239,-0.5502420154853515
SOLUSDT,1w,7,bull,fixed20,13,-0.0053101472768804885,-0.12404779382375793
SOLUSDT,1w,7,bull,adx_gt_med,1,-0.11640924639784389,
SOLUSDT,1w,7,bear,all,21,0.008480999225054308,0.5044327857479793
SOLUSDT,1w,7,bear,fixed20,16,0.010807772678723168,0.4945674231771435
SOLUSDT,1w,7,bear,adx_gt_med,1,0.052182583647241154,
SOLUSDT,1w,8,bull,all,19,0.010301578379166548,0.20108801960126305
SOLUSDT,1w,8,bull,fixed20,10,0.06273636468991747,1.2198959576664872
SOLUSDT,1w,8,bull,adx_gt_med,0,,
SOLUSDT,1w,8,bear,all,18,0.004321406948137257,0.2329515295159111
SOLUSDT,1w,8,bear,fixed20,13,0.002720379220372826,0.10590936806177105
SOLUSDT,1w,8,bear,adx_gt_med,0,,
SOLUSDT,1w,9,bull,all,17,0.01309081395335409,0.2292860779851313
SOLUSDT,1w,9,bull,fixed20,8,0.08177218686275374,1.3231736697909375
SOLUSDT,1w,9,bull,adx_gt_med,0,,
SOLUSDT,1w,9,bear,all,16,0.011183531854783518,0.6363453335731087
SOLUSDT,1w,9,bear,fixed20,9,0.0068530585997287835,0.2291603926472281
SOLUSDT,1w,9,bear,adx_gt_med,0,,
SOLUSDT,1w,10,bull,all,17,0.005440343585719628,0.0957289505756953
SOLUSDT,1w,10,bull,fixed20,8,0.08177218686275374,1.3231736697909375
SOLUSDT,1w,10,bull,adx_gt_med,1,0.06622655349470818,
SOLUSDT,1w,10,bear,all,16,0.021657429682958737,1.1014521084939808
SOLUSDT,1w,10,bear,fixed20,9,0.0418910921347709,1.6242311317276705
SOLUSDT,1w,10,bear,adx_gt_med,0,,
SOLUSDT,1w,12,bull,all,14,0.01827367011937081,0.3721389172751652
SOLUSDT,1w,12,bull,fixed20,5,0.07568097902715187,0.7661072267672987
SOLUSDT,1w,12,bull,adx_gt_med,1,0.06622655349470818,
SOLUSDT,1w,12,bear,all,13,0.013844550095998071,0.577809604450332
SOLUSDT,1w,12,bear,fixed20,5,0.047293556400511846,1.4044051099841532
SOLUSDT,1w,12,bear,adx_gt_med,0,,
SOLUSDT,1w,14,bull,all,12,0.05504563389177975,1.3248064116958813
SOLUSDT,1w,14,bull,fixed20,5,0.0795411099916132,1.0973032773622238
SOLUSDT,1w,14,bull,adx_gt_med,1,0.06622655349470818,
SOLUSDT,1w,14,bear,all,11,-0.028803912553318146,-1.1086224870690637
SOLUSDT,1w,14,bear,fixed20,6,0.0061235187241996765,0.2017093213607639
SOLUSDT,1w,14,bear,adx_gt_med,0,,
SOLUSDT,1w,16,bull,all,11,0.0241551863913678,0.6652913646038507
SOLUSDT,1w,16,bull,fixed20,4,0.09649769959831889,
SOLUSDT,1w,16,bull,adx_gt_med,1,0.06622655349470818,
SOLUSDT,1w,16,bear,all,10,-0.05709587876088821,-1.5535550504432647
SOLUSDT,1w,16,bear,fixed20,6,-0.07282148260019493,-1.1759704799194521
SOLUSDT,1w,16,bear,adx_gt_med,0,,
SOLUSDT,1w,18,bull,all,12,0.012733115170140799,0.3267875098946666
SOLUSDT,1w,18,bull,fixed20,6,-0.0023994698011544266,-0.031616761771571626
SOLUSDT,1w,18,bull,adx_gt_med,1,0.06622655349470818,
SOLUSDT,1w,18,bear,all,11,-0.051067649780591036,-1.837848480179596
SOLUSDT,1w,18,bear,fixed20,7,-0.06332688847143586,-1.4513341673678741
SOLUSDT,1w,18,bear,adx_gt_med,0,,
SOLUSDT,1w,21,bull,all,10,-0.0033919242769438252,-0.07893557183547806
SOLUSDT,1w,21,bull,fixed20,6,-0.03503988187655612,-0.627066674077518
SOLUSDT,1w,21,bull,adx_gt_med,1,0.047174447174447076,
SOLUSDT,1w,21,bear,all,10,0.0037871783271770988,0.08041109975485662
SOLUSDT,1w,21,bear,fixed20,7,0.007373857409273099,0.10783743722125053
SOLUSDT,1w,21,bear,adx_gt_med,0,,
SOLUSDT,1w,25,bull,all,9,0.028480332118575417,0.6708213879158108
SOLUSDT,1w,25,bull,fixed20,2,0.09881414525874399,
SOLUSDT,1w,25,bull,adx_gt_med,0,,
SOLUSDT,1w,25,bear,all,9,-0.021682863183819415,-0.41727042051826524
SOLUSDT,1w,25,bear,fixed20,4,-0.045297876504856366,
SOLUSDT,1w,25,bear,adx_gt_med,0,,
SOLUSDT,1w,30,bull,all,4,0.06560642237354838,
SOLUSDT,1w,30,bull,fixed20,0,,
SOLUSDT,1w,30,bull,adx_gt_med,0,,
SOLUSDT,1w,30,bear,all,5,-0.07420014806751703,-0.9386026594418357
SOLUSDT,1w,30,bear,fixed20,2,-0.20001573118882393,
SOLUSDT,1w,30,bear,adx_gt_med,0,,
SOLUSDT,1d,2,bull,all,276,0.006036911958316693,1.683501787425879
SOLUSDT,1d,2,bull,fixed20,275,0.006044565444020279,1.679521443785691
SOLUSDT,1d,2,bull,adx_gt_med,37,-0.012737565517033752,-1.2442883368189033
SOLUSDT,1d,2,bear,all,276,0.005006386196431428,1.5812010697162258
SOLUSDT,1d,2,bear,fixed20,276,0.005006386196431428,1.5812010697162258
SOLUSDT,1d,2,bear,adx_gt_med,33,0.010422023528415114,0.9743796688633163
SOLUSDT,1d,3,bull,all,216,0.005500146953616002,1.4731442843469698
SOLUSDT,1d,3,bull,fixed20,214,0.005330882199322747,1.4203263603565197
SOLUSDT,1d,3,bull,adx_gt_med,25,-0.005782433436392637,-0.3860835183296701
SOLUSDT,1d,3,bear,all,216,0.004516754379344964,1.2485453713449373
SOLUSDT,1d,3,bear,fixed20,214,0.004520592882646896,1.23923886993874
SOLUSDT,1d,3,bear,adx_gt_med,32,0.009864741711170803,0.8862469849792421
SOLUSDT,1d,4,bull,all,188,0.010129887119181315,2.5414134710428034
SOLUSDT,1d,4,bull,fixed20,179,0.009133773608476259,2.204765486305631
SOLUSDT,1d,4,bull,adx_gt_med,20,0.00762831328516671,0.42988156747048323
SOLUSDT,1d,4,bear,all,188,0.007568119691380954,2.144541941134949
SOLUSDT,1d,4,bear,fixed20,180,0.00839629831302674,2.3090947480571384
SOLUSDT,1d,4,bear,adx_gt_med,28,0.010149195047488227,1.155094412184898
SOLUSDT,1d,5,bull,all,160,0.006615852260001731,1.5320598061748225
SOLUSDT,1d,5,bull,fixed20,146,0.003401287334286905,0.7458910800512112
SOLUSDT,1d,5,bull,adx_gt_med,19,-0.0037637010287932975,-0.22040355535434658
SOLUSDT,1d,5,bear,all,160,0.008548726853250166,2.153938124348818
SOLUSDT,1d,5,bear,fixed20,142,0.007911769625235213,1.8259408232594883
SOLUSDT,1d,5,bear,adx_gt_med,24,0.009370840796423049,0.9473818977652045
SOLUSDT,1d,6,bull,all,141,0.008069663699865278,1.7133809241636293
SOLUSDT,1d,6,bull,fixed20,120,0.0070067133657016716,1.3538325384206937
SOLUSDT,1d,6,bull,adx_gt_med,19,-0.006810478328910937,-0.3929012008841471
SOLUSDT,1d,6,bear,all,141,0.002674905809522102,0.5719344516737714
SOLUSDT,1d,6,bear,fixed20,120,0.0016084255928911727,0.3033349849102237
SOLUSDT,1d,6,bear,adx_gt_med,21,-0.002654172085919977,-0.37732512058551104
SOLUSDT,1d,7,bull,all,128,0.003935623852057865,0.8120858191709726
SOLUSDT,1d,7,bull,fixed20,99,0.0032803538195542636,0.5755805820995997
SOLUSDT,1d,7,bull,adx_gt_med,16,-0.022326277381005483,-1.3788258409516936
SOLUSDT,1d,7,bear,all,128,0.002608629073807072,0.5111793063721334
SOLUSDT,1d,7,bear,fixed20,102,0.0008939262764829772,0.14594657595747634
SOLUSDT,1d,7,bear,adx_gt_med,23,0.0022166770324288545,0.25889406504009066
SOLUSDT,1d,8,bull,all,109,0.0009653993000151501,0.210639954635729
SOLUSDT,1d,8,bull,fixed20,78,-0.002719831074538175,-0.5014779200001707
SOLUSDT,1d,8,bull,adx_gt_med,17,-0.027148518475373938,-1.732258401661074
SOLUSDT,1d,8,bear,all,109,-0.0008919786437178687,-0.15855001503198415
SOLUSDT,1d,8,bear,fixed20,80,-0.005265524377439122,-0.7277893275301129
SOLUSDT,1d,8,bear,adx_gt_med,21,-0.0035545568766136835,-0.3994912369510952
SOLUSDT,1d,9,bull,all,107,0.0011816277902522237,0.27615472591768836
SOLUSDT,1d,9,bull,fixed20,72,-0.0005948049466356646,-0.11342477297581827
SOLUSDT,1d,9,bull,adx_gt_med,17,-0.016284417896559197,-1.4259271323807994
SOLUSDT,1d,9,bear,all,107,0.00013034492503210315,0.0225870493589949
SOLUSDT,1d,9,bear,fixed20,71,-0.0006293290754535957,-0.07719169362797387
SOLUSDT,1d,9,bear,adx_gt_med,22,0.0067993441949160275,0.6344065540004485
SOLUSDT,1d,10,bull,all,99,0.002337342224680672,0.5483916329388382
SOLUSDT,1d,10,bull,fixed20,57,-0.0030747847334399773,-0.5581141634248344
SOLUSDT,1d,10,bull,adx_gt_med,13,0.0020567009268812777,0.17645437197999142
SOLUSDT,1d,10,bear,all,99,0.006880874904091284,1.1538724886472775
SOLUSDT,1d,10,bear,fixed20,58,0.010253771978427308,1.1019505587059275
SOLUSDT,1d,10,bear,adx_gt_med,20,0.009466274682002358,0.7599617981372552
SOLUSDT,1d,12,bull,all,86,0.004420914928256017,1.0455157605613672
SOLUSDT,1d,12,bull,fixed20,43,0.0038426354319595455,0.662756171150567
SOLUSDT,1d,12,bull,adx_gt_med,10,0.0012543278957967586,0.12214925258249563
SOLUSDT,1d,12,bear,all,86,0.0029243003557693622,0.4810716730397794
SOLUSDT,1d,12,bear,fixed20,44,0.003295155695939429,0.30434321085809773
SOLUSDT,1d,12,bear,adx_gt_med,15,-0.0137910990556392,-1.2139952843379953
SOLUSDT,1d,14,bull,all,81,0.0029478317456639942,0.6464673140761827
SOLUSDT,1d,14,bull,fixed20,35,0.003063905516142399,0.4120896070518726
SOLUSDT,1d,14,bull,adx_gt_med,11,0.0054934980121887,0.44212135544332093
SOLUSDT,1d,14,bear,all,81,-0.001893966929954503,-0.22488702386630557
SOLUSDT,1d,14,bear,fixed20,28,0.007387441390904049,0.5025553628784706
SOLUSDT,1d,14,bear,adx_gt_med,16,0.015702401070674193,0.6533251480961908
SOLUSDT,1d,16,bull,all,80,0.004274856542886882,0.8102257935864079
SOLUSDT,1d,16,bull,fixed20,27,0.01177091025939937,0.9755963651081707
SOLUSDT,1d,16,bull,adx_gt_med,17,0.007839377354957348,0.6313213097759429
SOLUSDT,1d,16,bear,all,80,0.0012006978140526412,0.14377672722655957
SOLUSDT,1d,16,bear,fixed20,27,0.009280265242452155,0.5973478179897124
SOLUSDT,1d,16,bear,adx_gt_med,20,0.02091318467842993,1.0805311607059582
SOLUSDT,1d,18,bull,all,75,0.00855493847709929,1.5246231994986263
SOLUSDT,1d,18,bull,fixed20,23,0.022739520696155056,1.7922440460083089
SOLUSDT,1d,18,bull,adx_gt_med,17,0.018387460241460873,1.5147582282022731
SOLUSDT,1d,18,bear,all,75,-0.0037094332917624036,-0.4283031808678441
SOLUSDT,1d,18,bear,fixed20,25,0.0007699265969421232,0.04861222112402337
SOLUSDT,1d,18,bear,adx_gt_med,17,0.00980226966870061,0.47065999117272295
SOLUSDT,1d,21,bull,all,70,0.0024347477581874023,0.4595949037675018
SOLUSDT,1d,21,bull,fixed20,17,0.010595987435654616,0.8651520389109506
SOLUSDT,1d,21,bull,adx_gt_med,16,-0.0038779111714846645,-0.2884319577580202
SOLUSDT,1d,21,bear,all,70,0.0010019153786122552,0.11242254688435312
SOLUSDT,1d,21,bear,fixed20,20,0.01359316151549354,0.8787132630787616
SOLUSDT,1d,21,bear,adx_gt_med,15,0.015282076147596831,0.7426479905205283
SOLUSDT,1d,25,bull,all,59,0.0016801641052767591,0.28875418216958404
SOLUSDT,1d,25,bull,fixed20,11,0.0033131651051946476,0.23276817394494048
SOLUSDT,1d,25,bull,adx_gt_med,13,-0.005098722591060478,-0.4439031064906514
SOLUSDT,1d,25,bear,all,59,-0.010919051167778141,-1.1659375229342122
SOLUSDT,1d,25,bear,fixed20,10,-0.001903923442472344,-0.07194344745305147
SOLUSDT,1d,25,bear,adx_gt_med,12,-0.014638641925890289,-0.6853874575772766
SOLUSDT,1d,30,bull,all,58,-0.00020053518750149686,-0.03848161972318641
SOLUSDT,1d,30,bull,fixed20,7,-0.009467891601515652,-0.6882659214516347
SOLUSDT,1d,30,bull,adx_gt_med,9,0.0014402309934878528,0.16931213271648382
SOLUSDT,1d,30,bear,all,58,0.004693959805042307,0.45145956579553886
SOLUSDT,1d,30,bear,fixed20,8,0.05289693991855625,1.4768895594377232
SOLUSDT,1d,30,bear,adx_gt_med,10,0.025754581862161875,0.8252512975950658
SOLUSDT,4h,2,bull,all,1646,0.0004949925529716012,0.8312153415598946
SOLUSDT,4h,2,bull,fixed20,1637,0.0004720408138474754,0.7896697959279267
SOLUSDT,4h,2,bull,adx_gt_med,233,-0.0007245611102835694,-0.4433977665548079
SOLUSDT,4h,2,bear,all,1646,0.000994931851096559,1.633087347670678
SOLUSDT,4h,2,bear,fixed20,1637,0.0010735019187531685,1.7592225651473992
SOLUSDT,4h,2,bear,adx_gt_med,258,-0.0011396810865463864,-0.6851817625114079
SOLUSDT,4h,3,bull,all,1300,0.00022212780873557704,0.3364024731418525
SOLUSDT,4h,3,bull,fixed20,1285,0.00022100419282772984,0.33132584473912113
SOLUSDT,4h,3,bull,adx_gt_med,211,0.0006823476212707502,0.47255055538133983
SOLUSDT,4h,3,bear,all,1300,0.0012272102482730146,1.8440821401499168
SOLUSDT,4h,3,bear,fixed20,1277,0.0012469630774269611,1.8490346968224667
SOLUSDT,4h,3,bear,adx_gt_med,212,0.00047180932963606655,0.24591838862169949
SOLUSDT,4h,4,bull,all,1114,0.0004970205006447656,0.6488972633029254
SOLUSDT,4h,4,bull,fixed20,1059,0.00044534741304776463,0.5641158863180119
SOLUSDT,4h,4,bull,adx_gt_med,197,-0.0005112704446348038,-0.34549814340926754
SOLUSDT,4h,4,bear,all,1114,0.0008442184374221108,1.1754234833938302
SOLUSDT,4h,4,bear,fixed20,1056,0.0007820454275938037,1.0481197168105958
SOLUSDT,4h,4,bear,adx_gt_med,182,0.000777867056918396,0.34977538464198715
SOLUSDT,4h,5,bull,all,959,0.0005698668986763567,0.7036177495041703
SOLUSDT,4h,5,bull,fixed20,858,0.0006268489452759951,0.7157433330439263
SOLUSDT,4h,5,bull,adx_gt_med,183,-0.00038081580063001043,-0.2409619594496558
SOLUSDT,4h,5,bear,all,959,0.0007428624989362856,0.9996763357188153
SOLUSDT,4h,5,bear,fixed20,863,0.0006412954124792827,0.8010689803516292
SOLUSDT,4h,5,bear,adx_gt_med,165,0.00028253644331999644,0.15151218769428193
SOLUSDT,4h,6,bull,all,842,0.000700792415568112,0.8156222294090929
SOLUSDT,4h,6,bull,fixed20,709,0.0005342269444010092,0.5608598055816344
SOLUSDT,4h,6,bull,adx_gt_med,163,-0.0008799251636882302,-0.4976122141806689
SOLUSDT,4h,6,bear,all,842,0.0007018118438215247,0.8913097604205487
SOLUSDT,4h,6,bear,fixed20,703,0.00033824113793969745,0.38511540591713095
SOLUSDT,4h,6,bear,adx_gt_med,165,0.00033110019161453335,0.16966327816486826
SOLUSDT,4h,7,bull,all,759,0.0009298811086810674,1.0045892428685832
SOLUSDT,4h,7,bull,fixed20,596,0.0011042841685368495,1.0244369004466007
SOLUSDT,4h,7,bull,adx_gt_med,146,0.0021585387531744943,1.0755180416367567
SOLUSDT,4h,7,bear,all,759,0.0011076649183326692,1.3212362672386886
SOLUSDT,4h,7,bear,fixed20,577,0.0005568348439393782,0.5601231718497238
SOLUSDT,4h,7,bear,adx_gt_med,148,0.0015927177029542326,0.775414975309083
SOLUSDT,4h,8,bull,all,710,0.0007027254238300217,0.7741853668397856
SOLUSDT,4h,8,bull,fixed20,514,0.0010854090901918783,0.9921636476317741
SOLUSDT,4h,8,bull,adx_gt_med,141,-0.0006795737078115768,-0.4458976655730839
SOLUSDT,4h,8,bear,all,710,0.001500608552861619,1.793772180835531
SOLUSDT,4h,8,bear,fixed20,510,0.000705348507953954,0.6994901611875732
SOLUSDT,4h,8,bear,adx_gt_med,137,1.587069329999461e-05,0.007993299186358452
SOLUSDT,4h,9,bull,all,671,0.0007640005310364594,0.8945510205070629
SOLUSDT,4h,9,bull,fixed20,453,0.0011076103023021444,1.0530033021212057
SOLUSDT,4h,9,bull,adx_gt_med,145,3.177440349399887e-05,0.019355393417144054
SOLUSDT,4h,9,bear,all,671,0.0007560125299989292,0.9284115131384874
SOLUSDT,4h,9,bear,fixed20,444,2.966394717944908e-06,0.0029151531085740093
SOLUSDT,4h,9,bear,adx_gt_med,130,-0.002587049347931019,-1.3298702096999704
SOLUSDT,4h,10,bull,all,621,0.0013694998183831472,1.5242215607371243
SOLUSDT,4h,10,bull,fixed20,372,0.0014884709105294318,1.2773938332428458
SOLUSDT,4h,10,bull,adx_gt_med,131,0.001734918960905774,0.843221116327618
SOLUSDT,4h,10,bear,all,621,0.0015362209149649957,1.7644175446769432
SOLUSDT,4h,10,bear,fixed20,376,0.0013031044437903272,1.0907378345718934
SOLUSDT,4h,10,bear,adx_gt_med,127,-0.001121804626096349,-0.49706677260373355
SOLUSDT,4h,12,bull,all,561,0.002517057059125637,2.690599055736915
SOLUSDT,4h,12,bull,fixed20,295,0.002531342915910853,1.9465187225298253
SOLUSDT,4h,12,bull,adx_gt_med,117,0.0027047854995833967,1.44495121120806
SOLUSDT,4h,12,bear,all,561,0.002485753839024639,2.7076132566039863
SOLUSDT,4h,12,bear,fixed20,299,0.002413937239527399,1.778733207954438
SOLUSDT,4h,12,bear,adx_gt_med,125,0.0019682527993953387,0.8557570842896662
SOLUSDT,4h,14,bull,all,514,0.001582398194432208,1.5289236591759487
SOLUSDT,4h,14,bull,fixed20,224,0.0019168634411936513,1.1006463118492096
SOLUSDT,4h,14,bull,adx_gt_med,106,0.004719704977777224,1.7327438936846493
SOLUSDT,4h,14,bear,all,514,0.001771680344466155,1.5842381448071121
SOLUSDT,4h,14,bear,fixed20,238,0.0019017438027853252,0.9666699944660361
SOLUSDT,4h,14,bear,adx_gt_med,109,-0.0012985350556149334,-0.520859761674464
SOLUSDT,4h,16,bull,all,478,0.0008671682122434338,0.8176672096272476
SOLUSDT,4h,16,bull,fixed20,173,0.0014389590690793877,0.6899669420062043
SOLUSDT,4h,16,bull,adx_gt_med,98,0.00016024388858627242,0.05736185137149227
SOLUSDT,4h,16,bear,all,478,0.0015504090519074484,1.318604899970838
SOLUSDT,4h,16,bear,fixed20,191,0.0018236058877952987,0.8343723038836892
SOLUSDT,4h,16,bear,adx_gt_med,102,0.00029647873291493445,0.11787679420670696
SOLUSDT,4h,18,bull,all,451,0.0005686031084789218,0.5314624578046986
SOLUSDT,4h,18,bull,fixed20,146,-0.0008552606730419707,-0.39596243106733364
SOLUSDT,4h,18,bull,adx_gt_med,91,-0.0028346895024391936,-1.1446482607017683
SOLUSDT,4h,18,bear,all,451,0.0015809615285421288,1.2924186760162835
SOLUSDT,4h,18,bear,fixed20,154,0.0020122033463255235,0.7350250813225551
SOLUSDT,4h,18,bear,adx_gt_med,90,-0.0006737454139859501,-0.21479096904562314
SOLUSDT,4h,21,bull,all,423,0.0018346935420141006,1.625292079895211
SOLUSDT,4h,21,bull,fixed20,122,0.0022469151822916596,0.9855208750534146
SOLUSDT,4h,21,bull,adx_gt_med,82,-0.0018040913605234386,-0.7190269281887903
SOLUSDT,4h,21,bear,all,423,0.0021965843663777325,1.629902123560321
SOLUSDT,4h,21,bear,fixed20,128,0.004348297580395414,1.2881391122866022
SOLUSDT,4h,21,bear,adx_gt_med,85,-0.0006487946135192716,-0.1966277990593526
SOLUSDT,4h,25,bull,all,377,0.0008078140416173862,0.6771799708488485
SOLUSDT,4h,25,bull,fixed20,81,0.002002012469401672,0.7189685118394333
SOLUSDT,4h,25,bull,adx_gt_med,71,0.0019037473630331538,0.6022683379814361
SOLUSDT,4h,25,bear,all,377,0.0004118492492261557,0.3777182224386589
SOLUSDT,4h,25,bear,fixed20,79,0.0035478638467054666,1.3903497852288895
SOLUSDT,4h,25,bear,adx_gt_med,78,0.003506616830313426,1.3334106724646277
SOLUSDT,4h,30,bull,all,321,0.001302478202354736,0.9573823359534125
SOLUSDT,4h,30,bull,fixed20,56,0.0032729617426989965,0.9039027706519687
SOLUSDT,4h,30,bull,adx_gt_med,60,0.004033503974949428,1.0606508375143642
SOLUSDT,4h,30,bear,all,321,0.0006117108296209947,0.5198640294497763
SOLUSDT,4h,30,bear,fixed20,49,-0.001740671615226877,-0.3966350073462706
SOLUSDT,4h,30,bear,adx_gt_med,63,-0.0004651385911567513,-0.14028811479128114
