symbol,tf,window,side,n_events,n_spells,fwd,t_iid,t_cluster
BTCUSDT,1w,2,lo,48,29,-0.007839048137396066,-0.6014949808121395,-0.645601573788341
BTCUSDT,1w,2,hi,48,15,0.021550955460434812,1.9063646787044781,1.670354839642135
BTCUSDT,1w,2,hi_bull,41,10,0.020726959228071457,1.7420202200703057,1.4745552923346332
BTCUSDT,1w,2,hi_bear,7,5,0.02637721910713445,0.7227050647556358,0.7687151635312389
BTCUSDT,1w,3,lo,48,20,0.00570788710798541,0.4509421922328347,0.43612173931181797
BTCUSDT,1w,3,hi,47,9,0.02742505060905217,1.746248045132896,1.6268838974130289
BTCUSDT,1w,3,hi_bull,46,8,0.028194395165900856,1.7587346591105533,1.6503317009623775
BTCUSDT,1w,3,hi_bear,1,0,,,
BTCUSDT,1w,4,lo,47,16,-0.005865120095906496,-0.5327436568917729,-0.4893458579260856
BTCUSDT,1w,4,hi,47,7,0.040109772797518324,2.686554348521192,2.439427765988402
BTCUSDT,1w,4,hi_bull,47,7,0.040109772797518324,2.686554348521192,2.439427765988402
BTCUSDT,1w,4,hi_bear,0,0,,,
BTCUSDT,1w,5,lo,47,15,-0.014012264427238274,-1.1517812350485417,-1.2034739459793276
BTCUSDT,1w,5,hi,47,5,0.046226666298254025,3.0264305948853223,3.165874143589979
BTCUSDT,1w,5,hi_bull,47,5,0.046226666298254025,3.0264305948853223,3.165874143589979
BTCUSDT,1w,5,hi_bear,0,0,,,
BTCUSDT,1w,6,lo,47,11,-0.016597664218430237,-1.1835996754667588,-1.050517487110788
BTCUSDT,1w,6,hi,47,5,0.04202465553416383,2.690595054764303,3.4786559035511324
BTCUSDT,1w,6,hi_bull,47,5,0.04202465553416383,2.690595054764303,3.4786559035511324
BTCUSDT,1w,6,hi_bear,0,0,,,
BTCUSDT,1w,7,lo,47,9,-0.027499212884745123,-1.9142942672695937,-1.7940879798296008
BTCUSDT,1w,7,hi,47,4,0.03644082068186046,2.2658756730607914,3.739995420957642
BTCUSDT,1w,7,hi_bull,47,4,0.03644082068186046,2.2658756730607914,3.739995420957642
BTCUSDT,1w,7,hi_bear,0,0,,,
BTCUSDT,1w,8,lo,47,7,-0.02635576590352715,-2.1098593745869456,-2.064679362205586
BTCUSDT,1w,8,hi,47,4,0.042282363982715725,2.5775210991943136,4.381473303956541
BTCUSDT,1w,8,hi_bull,47,4,0.042282363982715725,2.5775210991943136,4.381473303956541
BTCUSDT,1w,8,hi_bear,0,0,,,
BTCUSDT,1w,9,lo,46,8,-0.015140502494492137,-1.077045093601446,-1.094092809731336
BTCUSDT,1w,9,hi,46,3,0.036538345401834545,2.2976490511989245,2.722642579117253
BTCUSDT,1w,9,hi_bull,46,3,0.036538345401834545,2.2976490511989245,2.722642579117253
BTCUSDT,1w,9,hi_bear,0,0,,,
BTCUSDT,1w,10,lo,46,7,-0.019349596375230503,-1.392584439511152,-1.203051933988163
BTCUSDT,1w,10,hi,46,3,0.032748725617077395,1.9619223451959293,3.12809476278755
BTCUSDT,1w,10,hi_bull,46,3,0.032748725617077395,1.9619223451959293,3.12809476278755
BTCUSDT,1w,10,hi_bear,0,0,,,
BTCUSDT,1w,12,lo,46,7,-0.017994943363066306,-1.3060039153221463,-1.2867535683435092
BTCUSDT,1w,12,hi,46,3,0.026338936799320044,1.5465937292510734,10.208774430288445
BTCUSDT,1w,12,hi_bull,44,3,0.0267906551072401,1.5045843903307,9.841069065461646
BTCUSDT,1w,12,hi_bear,2,0,,,
BTCUSDT,1w,14,lo,45,6,-0.007236350139445369,-0.4852904909828754,-0.521101059205089
BTCUSDT,1w,14,hi,45,2,0.023426949230868604,1.3866323957819267,18.883156490689075
BTCUSDT,1w,14,hi_bull,41,2,0.024853527369007117,1.35973891777659,65.83298540859334
BTCUSDT,1w,14,hi_bear,4,0,,,
BTCUSDT,1w,16,lo,45,5,0.000471469389755567,0.03118568200818323,0.03262372999200562
BTCUSDT,1w,16,hi,45,2,0.011209608547105154,0.706802322737028,38.4928505224832
BTCUSDT,1w,16,hi_bull,39,2,0.012246094327408003,0.6802590606757756,32.388595908981756
BTCUSDT,1w,16,hi_bear,6,1,0.004472450975136637,0.1855519013698416,1289096226883722.8
BTCUSDT,1w,18,lo,45,4,-0.004832071998518083,-0.32710679859517144,-0.3319697975500898
BTCUSDT,1w,18,hi,45,2,0.010736760108331328,0.6761373691218554,9.276586284336647
BTCUSDT,1w,18,hi_bull,38,2,0.012774706378031946,0.6914862259628036,2361.6891394144127
BTCUSDT,1w,18,hi_bear,7,1,-0.00032637678432916636,-0.015594642523153535,-329250961600336.06
BTCUSDT,1w,21,lo,44,2,-0.003260075292242731,-0.2226276262716396,-0.2264750420032731
BTCUSDT,1w,21,hi,44,2,-0.0038206576426778782,-0.25058443724283624,-0.9304230244641911
BTCUSDT,1w,21,hi_bull,36,2,-0.002595055255665696,-0.14271674852615346,-0.44455840542636393
BTCUSDT,1w,21,hi_bear,8,1,-0.009335868384232698,-0.46124503591991306,
BTCUSDT,1w,25,lo,43,1,0.006006778373504937,0.3963716752856334,4652965473273606.0
BTCUSDT,1w,25,hi,43,2,0.002790758482917497,0.17548657169911924,0.6872896339442739
BTCUSDT,1w,25,hi_bull,37,2,0.005518997484862089,0.30774081246339063,0.8640375509021074
BTCUSDT,1w,25,hi_bear,6,1,-0.014033382029074152,-0.4733602655606268,
BTCUSDT,1w,30,lo,42,2,0.019207114527615858,1.2278382263648833,2.9875085216016495
BTCUSDT,1w,30,hi,42,2,0.012790289455120481,0.7791238469366498,1.6853349008509473
BTCUSDT,1w,30,hi_bull,37,3,0.010331862716131351,0.5738112149119119,1.5349684671563033
BTCUSDT,1w,30,hi_bear,5,1,0.030982647323640044,0.7953653960426821,1.1162675115335744e+16
BTCUSDT,1d,2,lo,332,206,-9.492943041523286e-05,-0.05989024288128229,-0.057766059412893145
BTCUSDT,1d,2,hi,332,108,0.004166319790252393,1.7498710354136362,1.9068811420949263
BTCUSDT,1d,2,hi_bull,220,63,0.004870829522332049,1.766665856031698,1.81461162218969
BTCUSDT,1d,2,hi_bear,112,45,0.0027824613879530676,0.6126938679025645,0.7926972837424163
BTCUSDT,1d,3,lo,332,160,-0.0007428923923761038,-0.4805684013765999,-0.47030051323864047
BTCUSDT,1d,3,hi,332,95,0.0026719968635863537,1.1276622044713343,1.2501132530321344
BTCUSDT,1d,3,hi_bull,205,58,0.004673503763201082,1.6664733628989943,1.7423372765662253
BTCUSDT,1d,3,hi_bear,127,38,-0.0005587819901224599,-0.13218820291203004,-0.1959625096954131
BTCUSDT,1d,4,lo,332,121,6.315109539757998e-05,0.044527937678921777,0.040803760978886654
BTCUSDT,1d,4,hi,332,71,0.004268743356529825,1.7887975783579206,1.7803182024082327
BTCUSDT,1d,4,hi_bull,217,47,0.007067692135718558,2.55951741157472,2.6362211586065087
BTCUSDT,1d,4,hi_bear,115,25,-0.0010127512963741317,-0.22589634110847173,-0.30077230020045365
BTCUSDT,1d,5,lo,332,102,0.0009577841324647861,0.6405447570930746,0.6205515735000379
BTCUSDT,1d,5,hi,332,58,0.003910203591230817,1.6015717351398868,1.7387295995462455
BTCUSDT,1d,5,hi_bull,214,40,0.0059981397598856505,2.128809756628283,2.4815789998723083
BTCUSDT,1d,5,hi_bear,118,21,0.00012360748875510152,0.02694432567569906,0.03542323707997858
BTCUSDT,1d,6,lo,332,80,0.00031597423328205064,0.21618757890313106,0.2021133226211707
BTCUSDT,1d,6,hi,332,52,0.004593024625899542,1.9518411958582356,2.1988940788804907
BTCUSDT,1d,6,hi_bull,209,33,0.005314121425620248,1.899941137408936,2.140685860030216
BTCUSDT,1d,6,hi_bear,123,21,0.0033677463239350867,0.7966965797491591,1.0126547571374567
BTCUSDT,1d,7,lo,331,74,0.0015056057472049406,1.0684962391539592,0.9701137519891474
BTCUSDT,1d,7,hi,331,43,0.00661363096320513,2.883120492438394,3.1654877691683123
BTCUSDT,1d,7,hi_bull,208,25,0.007769961185997703,2.6939933827855427,2.882091868190607
BTCUSDT,1d,7,hi_bear,123,21,0.004658210749051836,1.2281801709161448,1.658974519653043
BTCUSDT,1d,8,lo,331,64,0.0010940433273390299,0.8452155309857788,0.7389543628730912
BTCUSDT,1d,8,hi,331,37,0.006538699407863253,2.8002489204681553,2.854488650743758
BTCUSDT,1d,8,hi_bull,203,20,0.008681003710601301,2.9225710629951487,3.0539496561308943
BTCUSDT,1d,8,hi_bear,128,18,0.0031411386777396326,0.8326106542092374,1.0412222515325265
BTCUSDT,1d,9,lo,331,55,0.0016035220085260857,1.311447994640999,1.2028160321875272
BTCUSDT,1d,9,hi,331,32,0.00477878924829991,2.038410121796973,2.4310101009076304
BTCUSDT,1d,9,hi_bull,203,19,0.0058644920592065535,1.9573415288723828,2.461670608049843
BTCUSDT,1d,9,hi_bear,128,14,0.0030569324466276533,0.8098681815628813,1.0485490530321004
BTCUSDT,1d,10,lo,331,50,0.0024138880747464754,1.92506308576377,1.7772505264072902
BTCUSDT,1d,10,hi,331,30,0.004496370968468146,1.9442389969013194,2.385823265669035
BTCUSDT,1d,10,hi_bull,202,18,0.004591702591619968,1.5285885279733724,1.938839011334887
BTCUSDT,1d,10,hi_bear,129,14,0.004347091992680023,1.1968291482307558,1.4245136738331057
BTCUSDT,1d,12,lo,330,42,0.0032644871309161134,2.596041568931118,2.493578023835338
BTCUSDT,1d,12,hi,330,28,0.005207836000001995,2.3094846655507304,2.8974994517391988
BTCUSDT,1d,12,hi_bull,199,16,0.004452738761934484,1.545562094260042,1.8964560769318286
BTCUSDT,1d,12,hi_bear,131,13,0.006354892109738139,1.7493243433859909,2.0709475803363655
BTCUSDT,1d,14,lo,330,38,0.0028093042547567937,2.132928109870506,1.9602292785787527
BTCUSDT,1d,14,hi,330,20,0.006231479478571909,2.8052206133870845,4.36127905215222
BTCUSDT,1d,14,hi_bull,213,12,0.006515254801628454,2.444317047200549,3.321008014814884
BTCUSDT,1d,14,hi_bear,117,9,0.005714862864802303,1.4362646335675515,2.7913424091392907
BTCUSDT,1d,16,lo,330,35,0.003625846542597227,2.666280634698808,2.150362476036343
BTCUSDT,1d,16,hi,330,17,0.004770784443985816,2.2117415030355954,3.0259677463306103
BTCUSDT,1d,16,hi_bull,226,12,0.004702252394842656,1.8892693120546356,2.1085461725530665
BTCUSDT,1d,16,hi_bear,104,8,0.004919709858469989,1.167706685862015,2.978070352883466
BTCUSDT,1d,18,lo,329,30,0.0031756536314694528,2.377546813734371,2.172110943082064
BTCUSDT,1d,18,hi,329,17,0.004480744058091676,2.0502975394919285,2.828458655649558
BTCUSDT,1d,18,hi_bull,226,12,0.0040704104507542395,1.6215513504985533,1.8141011027364076
BTCUSDT,1d,18,hi_bear,103,9,0.005381087701375758,1.2494783224795138,2.6183442644263026
BTCUSDT,1d,21,lo,329,27,0.0019344175976453073,1.3631585792135432,1.1519982825155985
BTCUSDT,1d,21,hi,329,17,0.0038865822689281636,1.7751590683062535,2.503937865105172
BTCUSDT,1d,21,hi_bull,238,11,0.00428901769663717,1.752239859269351,2.247710742198037
BTCUSDT,1d,21,hi_bear,91,7,0.002834058842612299,0.6058804386011843,1.3759161032527203
BTCUSDT,1d,25,lo,328,21,0.0012119153706249082,0.8502979144811025,0.8012596290763183
BTCUSDT,1d,25,hi,328,14,0.003044816766073551,1.3598465082434734,2.1693056289014327
BTCUSDT,1d,25,hi_bull,251,10,0.003424497999896754,1.345710939057914,2.206893212525366
BTCUSDT,1d,25,hi_bear,77,5,0.0018071545623122016,0.3816311114833412,0.6641923663019348
BTCUSDT,1d,30,lo,327,18,0.0009659658577209254,0.6854102797252156,0.5831660177242909
BTCUSDT,1d,30,hi,327,13,0.004530234069356162,1.954523991494125,2.4377375213484704
BTCUSDT,1d,30,hi_bull,252,9,0.004660877281709946,1.766755798014462,2.090500478698956
BTCUSDT,1d,30,hi_bear,75,5,0.00409127287584745,0.8374214477511949,2.3026778884277808
BTCUSDT,4h,2,lo,1992,1260,0.000502912578093014,1.6755362604269664,1.6675825883996833
BTCUSDT,4h,2,hi,1992,735,0.00034773696652248706,0.820767261665899,0.985737636000521
BTCUSDT,4h,2,hi_bull,1112,397,0.0003364147895418171,0.7464646077398113,0.8159964011457506
BTCUSDT,4h,2,hi_bear,880,344,0.0003620440810707882,0.46898393701536334,0.6108040613086462
BTCUSDT,4h,3,lo,1992,940,8.436491308530686e-05,0.278613032822784,0.27536649499306937
BTCUSDT,4h,3,hi,1992,609,0.0002782233165555466,0.631733386306065,0.7981942885834727
BTCUSDT,4h,3,hi_bull,1082,330,0.0006045932575564312,1.3021167567291132,1.429783503970379
BTCUSDT,4h,3,hi_bear,910,285,-0.00010983412977737333,-0.13894867909443703,-0.20252602836693412
BTCUSDT,4h,4,lo,1992,710,0.0001262285019620747,0.4439768180077921,0.42524089419379923
BTCUSDT,4h,4,hi,1992,462,0.0005559193151349496,1.2259989572860863,1.643021204797338
BTCUSDT,4h,4,hi_bull,1046,245,0.0006870137953522002,1.429004337935562,1.5747798140707086
BTCUSDT,4h,4,hi_bear,946,227,0.00041096706745287313,0.5179640294874887,0.7948430828367814
BTCUSDT,4h,5,lo,1991,582,0.00033802221186624595,1.2083808260463011,1.1474993132707245
BTCUSDT,4h,5,hi,1991,362,0.0008864205332127598,1.9510156763204902,2.664971525995472
BTCUSDT,4h,5,hi_bull,1047,193,0.0010329294135704968,2.142772379913133,2.5132312265015364
BTCUSDT,4h,5,hi_bear,944,184,0.0007239260440871765,0.9100269011859057,1.3751647664441706
BTCUSDT,4h,6,lo,1991,480,0.00051629507946218,1.819724713572254,1.7491336618779385
BTCUSDT,4h,6,hi,1991,300,0.000807137712360129,1.784626394666161,2.2911412886708113
BTCUSDT,4h,6,hi_bull,1039,160,0.001032852765800237,2.1653452532033177,2.6070373977269585
BTCUSDT,4h,6,hi_bear,952,153,0.0005607953378598431,0.7099121737908447,0.9445522062056393
BTCUSDT,4h,7,lo,1991,415,0.0002453661435442365,0.8905953844637124,0.873562420535583
BTCUSDT,4h,7,hi,1991,250,0.0008269673905320421,1.8210641213537726,2.1913789415453206
BTCUSDT,4h,7,hi_bull,1024,131,0.0013893198509325904,2.8693833587268878,3.7201681553834836
BTCUSDT,4h,7,hi_bear,967,131,0.0002314669567676561,0.2961067381821616,0.37051052501945275
BTCUSDT,4h,8,lo,1991,355,0.0003307213138830332,1.210716829891528,1.168145126632413
BTCUSDT,4h,8,hi,1991,221,0.0007791411539163906,1.6923257042706594,2.0687307079215302
BTCUSDT,4h,8,hi_bull,1033,109,0.001169874796951537,2.3674771155327448,3.06338787304855
BTCUSDT,4h,8,hi_bear,958,123,0.00035781771628037135,0.45018426332713374,0.5602316574752453
BTCUSDT,4h,9,lo,1991,332,0.0002291350647235163,0.869944407831601,0.8217958847845873
BTCUSDT,4h,9,hi,1991,193,0.0007488368591998803,1.6303411338753369,2.0378630718701842
BTCUSDT,4h,9,hi_bull,1048,97,0.0012218691571803482,2.498389925909777,2.9462560551992576
BTCUSDT,4h,9,hi_bear,943,105,0.00022313394479528845,0.2778392898205921,0.37492133725281274
BTCUSDT,4h,10,lo,1990,301,0.00026285059442575983,1.010069443382516,0.9530309174161358
BTCUSDT,4h,10,hi,1990,169,0.000568970002980411,1.1973421404234685,1.3895528599366556
BTCUSDT,4h,10,hi_bull,1062,88,0.001044354074228102,2.154235568694246,2.424708245338806
BTCUSDT,4h,10,hi_bear,928,91,2.4942111099971677e-05,0.02918188536232507,0.03738393534867081
BTCUSDT,4h,12,lo,1990,245,0.0002269876579328573,0.8966802765749583,0.8480403688160514
BTCUSDT,4h,12,hi,1990,127,0.0004426288056688464,0.9332709157973279,1.0565010915332729
BTCUSDT,4h,12,hi_bull,1033,62,0.0011396268735518803,2.3897178794072156,3.425333165155829
BTCUSDT,4h,12,hi_bear,957,74,-0.00030972125088619436,-0.36834626964238243,-0.4436018377046736
BTCUSDT,4h,14,lo,1990,211,8.555697072542325e-05,0.35193445735436235,0.3464902963585727
BTCUSDT,4h,14,hi,1990,103,0.0004643885136637521,0.971797100702237,1.0943382088499467
BTCUSDT,4h,14,hi_bull,1043,49,0.0009946603017764587,2.0735028017452457,3.1131665981142196
BTCUSDT,4h,14,hi_bear,947,66,-0.00011963838707706422,-0.14011470922996241,-0.1588675370945689
BTCUSDT,4h,16,lo,1989,180,0.0001488431917887866,0.6104367632326129,0.5872368760360296
BTCUSDT,4h,16,hi,1989,94,0.0005193694182686988,1.0914763157990555,1.274821999400809
BTCUSDT,4h,16,hi_bull,1033,44,0.000969276728047917,2.0364505542159024,3.057073312900726
BTCUSDT,4h,16,hi_bear,956,64,3.322480424994116e-05,0.03927466916542139,0.04652878873762944
BTCUSDT,4h,18,lo,1989,162,8.656027953016778e-05,0.35978673732785854,0.32009399147374734
BTCUSDT,4h,18,hi,1989,86,0.00041146869624065634,0.9276202685178241,1.0696111335996412
BTCUSDT,4h,18,hi_bull,1042,42,0.0009773929031905377,2.063896559813256,2.999050546627967
BTCUSDT,4h,18,hi_bear,947,54,-0.00021122721045604493,-0.27357903168372183,-0.33433203887735086
BTCUSDT,4h,21,lo,1988,128,0.00021553633578764073,0.8988043481642806,0.7802748222380183
BTCUSDT,4h,21,hi,1988,71,0.0006107690806229798,1.3934505574063945,1.5940576064335201
BTCUSDT,4h,21,hi_bull,1042,38,0.0009225660567018738,2.0363936422873934,3.017470640400183
BTCUSDT,4h,21,hi_bear,946,46,0.0002673309737792089,0.34522803156566206,0.3938937882430981
BTCUSDT,4h,25,lo,1987,110,0.000306564919232207,1.3386197965609883,1.148567173977434
BTCUSDT,4h,25,hi,1987,59,0.00036553401556699847,0.8510299003427476,1.1463671038277956
BTCUSDT,4h,25,hi_bull,1052,38,0.0006371400588857538,1.4338559882803261,1.9678448816703047
BTCUSDT,4h,25,hi_bear,935,36,5.994090586504054e-05,0.07847154085769821,0.11872447582758701
BTCUSDT,4h,30,lo,1986,89,0.00022008164452373094,1.008796393926203,0.8719610761777591
BTCUSDT,4h,30,hi,1986,48,0.0003238787812207021,0.7620933960310179,0.9786221491015734
BTCUSDT,4h,30,hi_bull,1033,34,0.0006173266101237411,1.342389072037997,1.7567090371415612
BTCUSDT,4h,30,hi_bear,953,26,5.797346533567487e-06,0.007917858992505718,0.010359742117467019
ETHUSDT,1w,2,lo,48,32,0.026691517539179487,2.0498590650779716,2.1187561053270563
ETHUSDT,1w,2,hi,48,18,0.009266041451982772,0.3958295500720794,0.45574086994996654
ETHUSDT,1w,2,hi_bull,27,10,0.004936204510387972,0.14115459129723262,0.17050165708899032
ETHUSDT,1w,2,hi_bear,21,8,0.014832974662604656,0.49533719470040355,0.5066858450773022
ETHUSDT,1w,3,lo,48,20,0.010581383589556854,0.6659849551347864,0.6908717197281745
ETHUSDT,1w,3,hi,48,15,-0.0023810313543454593,-0.10329648030086738,-0.12627669225590873
ETHUSDT,1w,3,hi_bull,27,10,-0.003400104433844872,-0.09533961149705884,-0.10957749169120834
ETHUSDT,1w,3,hi_bear,21,5,-0.0010707945378462139,-0.03968631018082543,-0.06324798261573823
ETHUSDT,1w,4,lo,47,19,-0.003920963429646663,-0.22643832853086673,-0.24418129998102625
ETHUSDT,1w,4,hi,47,16,0.01856152760666963,0.7782272086184195,0.8155978447468107
ETHUSDT,1w,4,hi_bull,32,11,0.010151149149509812,0.3043202329520053,0.3015455064099012
ETHUSDT,1w,4,hi_bear,15,5,0.036503668315277245,1.5332391763193092,1.713860007398724
ETHUSDT,1w,5,lo,47,19,-0.014084673366287798,-0.8068363545315809,-0.8296860025578369
ETHUSDT,1w,5,hi,47,12,0.046230925415478415,1.5602431077360044,1.914354270509049
ETHUSDT,1w,5,hi_bull,32,7,0.023776621517251503,0.6303151203405343,0.6693189307173987
ETHUSDT,1w,5,hi_bear,15,5,0.0941334403983625,2.065737989673903,2.444590064246089
ETHUSDT,1w,6,lo,47,16,-0.011038432223553978,-0.6315456329631216,-0.8190442895437536
ETHUSDT,1w,6,hi,47,10,0.027844619019244093,1.0157918637195182,1.1038132514610863
ETHUSDT,1w,6,hi_bull,35,7,0.004049995540204484,0.13221681101031044,0.1169733615582532
ETHUSDT,1w,6,hi_bear,12,3,0.09724560416644297,1.7031074347327018,2.526760782772517
ETHUSDT,1w,7,lo,47,10,-0.021938459474308773,-1.3485670358827673,-1.6234753158225999
ETHUSDT,1w,7,hi,47,10,0.04934929034096249,1.733783403433389,2.285230456468089
ETHUSDT,1w,7,hi_bull,37,7,0.0308442046136168,0.9856316014016807,1.0957466552346211
ETHUSDT,1w,7,hi_bear,10,3,0.11781810753214161,1.7953476288910684,3.1589380885626506
ETHUSDT,1w,8,lo,47,11,-0.030247394148367593,-2.0071805688618385,-2.3892508708682687
ETHUSDT,1w,8,hi,47,9,0.0416863380903042,1.5060738092698154,1.5992015647125852
ETHUSDT,1w,8,hi_bull,38,6,0.020560431406832436,0.6911668338571115,0.5572339983837243
ETHUSDT,1w,8,hi_bear,9,3,0.1308846107538516,1.9523308847350842,7.240056764769777
ETHUSDT,1w,9,lo,46,9,-0.029531302663411516,-2.0606966068305543,-1.8992643280293773
ETHUSDT,1w,9,hi,46,8,0.04583434953308365,1.6312035086574819,1.6187023581070568
ETHUSDT,1w,9,hi_bull,40,6,0.0248704031761924,0.8757017261777291,0.6757823553012136
ETHUSDT,1w,9,hi_bear,6,2,0.18559399191235873,2.0695826201902325,3.5715878322033183
ETHUSDT,1w,10,lo,46,8,-0.01834482923500605,-1.3224062960082414,-1.0851927498434648
ETHUSDT,1w,10,hi,46,7,0.04847233773653733,1.7500823327434505,2.1862849146570316
ETHUSDT,1w,10,hi_bull,41,5,0.028875604141214845,1.0593435612819302,1.020202460069554
ETHUSDT,1w,10,hi_bear,5,2,0.20916555321818162,1.9738289425826154,2.3495153610634567
ETHUSDT,1w,12,lo,46,6,-0.01072565101636546,-0.8317233203123295,-0.6261237236722764
ETHUSDT,1w,12,hi,46,5,0.03993826714982449,1.5999230608549186,1.8602028466892684
ETHUSDT,1w,12,hi_bull,42,4,0.02707174510777821,1.0548550578610218,1.0972234946826134
ETHUSDT,1w,12,hi_bear,4,0,,,
ETHUSDT,1w,14,lo,45,6,0.006340182081700858,0.48597749560632436,0.38711286329173966
ETHUSDT,1w,14,hi,45,3,0.04805861951837002,2.002686579285783,3.3720257838178056
ETHUSDT,1w,14,hi_bull,41,3,0.03495969511076329,1.4247731285842369,1.7394930458022126
ETHUSDT,1w,14,hi_bear,4,0,,,
ETHUSDT,1w,16,lo,45,6,0.007595400966327769,0.5537746320798689,0.43239563800893954
ETHUSDT,1w,16,hi,45,2,0.04653975743409955,2.019823065303138,2.584107029694571
ETHUSDT,1w,16,hi_bull,43,3,0.04115304371172392,1.7290398660453499,2.69439103052639
ETHUSDT,1w,16,hi_bear,2,0,,,
ETHUSDT,1w,18,lo,45,6,0.020291732052432985,1.686420697021944,1.4722936290981754
ETHUSDT,1w,18,hi,45,2,0.0475944932558118,2.007684664688921,5.474005756419647
ETHUSDT,1w,18,hi_bull,44,3,0.04487860336959444,1.8628378010503828,4.050136019664051
ETHUSDT,1w,18,hi_bear,1,0,,,
ETHUSDT,1w,21,lo,44,5,0.01917632501713967,1.6551236462860601,1.4505017426547107
ETHUSDT,1w,21,hi,44,2,0.03798660580057285,1.6832579776026724,4.866714829154103
ETHUSDT,1w,21,hi_bull,44,2,0.03798660580057285,1.6832579776026724,4.866714829154103
ETHUSDT,1w,21,hi_bear,0,0,,,
ETHUSDT,1w,25,lo,43,3,0.02613763917820329,2.1550886679013104,19.03072820890716
ETHUSDT,1w,25,hi,43,2,0.03440541122019512,1.5401718739310168,5.593255102668873
ETHUSDT,1w,25,hi_bull,43,2,0.03440541122019512,1.5401718739310168,5.593255102668873
ETHUSDT,1w,25,hi_bear,0,0,,,
ETHUSDT,1w,30,lo,42,4,0.02845401705972204,1.428720594007733,1.2761755275433708
ETHUSDT,1w,30,hi,42,1,0.03102979852692406,1.3974572828214769,4083007402779787.0
ETHUSDT,1w,30,hi_bull,42,1,0.03102979852692406,1.3974572828214769,4083007402779787.0
ETHUSDT,1w,30,hi_bear,0,0,,,
ETHUSDT,1d,2,lo,332,219,0.0025662191345435315,1.1721239664625434,1.1420846049237252
ETHUSDT,1d,2,hi,332,112,0.005526198110295701,1.8868976083332774,2.3926838802029353
ETHUSDT,1d,2,hi_bull,182,58,0.005383468556367868,1.5780837135953885,2.0571561027582113
ETHUSDT,1d,2,hi_bear,150,55,0.005699376635728138,1.1394022396500516,1.4222606289774138
ETHUSDT,1d,3,lo,332,153,0.004449699702083105,1.981186791602911,1.9181365431733173
ETHUSDT,1d,3,hi,332,96,0.007907522242809596,2.7712852805445625,3.1819364416951728
ETHUSDT,1d,3,hi_bull,180,49,0.00967054557584763,2.7421239173161833,3.5407895741210225
ETHUSDT,1d,3,hi_bear,152,48,0.005819731453685608,1.2560155760541705,1.4584788545787826
ETHUSDT,1d,4,lo,332,131,0.003415168102832149,1.4590251310237656,1.4137074546450128
ETHUSDT,1d,4,hi,332,70,0.0069195725669341825,2.437002905703814,2.7936058882472032
ETHUSDT,1d,4,hi_bull,188,35,0.009444456288851938,2.826208346952595,3.3374847876272673
ETHUSDT,1d,4,hi_bear,144,37,0.003623196596652669,0.7422977638130758,0.9789832030589147
ETHUSDT,1d,5,lo,332,98,0.0008861561706233512,0.3774375319319522,0.35283133299946473
ETHUSDT,1d,5,hi,332,56,0.005548695409771442,1.891457313115484,2.0322753597929744
ETHUSDT,1d,5,hi_bull,192,30,0.008066045312747882,2.2876282276710667,3.15925566429199
ETHUSDT,1d,5,hi_bear,140,26,0.0020963298285466116,0.4190930915935549,0.4493963065203754
ETHUSDT,1d,6,lo,332,84,0.0006071115068558105,0.2622092310568683,0.2435008774325685
ETHUSDT,1d,6,hi,332,45,0.0037466232814566103,1.2881898098109978,1.2877613723703298
ETHUSDT,1d,6,hi_bull,181,24,0.0073668062115116,2.049286544982048,2.8040142700309825
ETHUSDT,1d,6,hi_bear,151,21,-0.0005928012903311595,-0.12575102921725698,-0.1318008873461001
ETHUSDT,1d,7,lo,331,73,0.00022355402392667175,0.09911698716373622,0.08967336530257286
ETHUSDT,1d,7,hi,331,41,0.0028839181038423237,1.0271164114870235,1.066386365302563
ETHUSDT,1d,7,hi_bull,179,24,0.006008312673293276,1.684277656981428,2.252442990839482
ETHUSDT,1d,7,hi_bear,152,18,-0.000795467606234786,-0.17927921706136626,-0.19891290911079706
ETHUSDT,1d,8,lo,331,64,-0.0004468182024225068,-0.21234504022235792,-0.19924224600184143
ETHUSDT,1d,8,hi,331,32,0.0005635642592295059,0.2151269710762077,0.23936184192487944
ETHUSDT,1d,8,hi_bull,172,18,0.0041245448457309436,1.1942691827152596,1.453066761021984
ETHUSDT,1d,8,hi_bear,159,15,-0.0032885656834009806,-0.8301165334277202,-1.2770563131561332
ETHUSDT,1d,9,lo,331,55,-0.0011202776133746237,-0.5279705465715306,-0.48032768363764505
ETHUSDT,1d,9,hi,331,32,0.000122234725604424,0.04764411332985959,0.05437077013310258
ETHUSDT,1d,9,hi_bull,176,20,0.002158102816012221,0.6554220886060514,0.6852728599322083
ETHUSDT,1d,9,hi_bear,155,13,-0.0021894606544715263,-0.5462454782444844,-0.8799680373675878
ETHUSDT,1d,10,lo,331,46,0.0012166950459966419,0.5852332985209855,0.5315447364330571
ETHUSDT,1d,10,hi,331,30,0.0013402716514230595,0.5324772802863803,0.6033134899945949
ETHUSDT,1d,10,hi_bull,182,18,0.0033945997672477383,1.094518824295933,1.144681711507223
ETHUSDT,1d,10,hi_bear,149,13,-0.0011690418860272195,-0.28407629706892384,-0.4518201864928316
ETHUSDT,1d,12,lo,330,41,0.0020327419004289144,0.9483565331427174,0.9200815260798596
ETHUSDT,1d,12,hi,330,29,0.0022647946053085937,0.9203164826802773,1.3695700450047834
ETHUSDT,1d,12,hi_bull,172,18,0.0019169184621931042,0.6176919786544327,0.6202648329368882
ETHUSDT,1d,12,hi_bear,158,14,0.002643495216801405,0.6806288950431575,1.7836843470378816
ETHUSDT,1d,14,lo,330,33,0.004449668866330611,2.005268365769552,1.9351538057782025
ETHUSDT,1d,14,hi,329,27,0.0018491194714273637,0.7529549019532125,1.244650578407995
ETHUSDT,1d,14,hi_bull,165,16,0.00017859329219095286,0.05438129026317431,0.06368429517158516
ETHUSDT,1d,14,hi_bear,164,15,0.0035298317859030212,0.9644930697173909,2.1265432140687124
ETHUSDT,1d,16,lo,330,29,0.0039305301759596425,1.931594612577149,1.7563669611171915
ETHUSDT,1d,16,hi,329,28,0.0009081781974332358,0.34362106946258203,0.4815207728197258
ETHUSDT,1d,16,hi_bull,160,16,-0.001630214346721836,-0.4307488401069187,-0.4343851554448763
ETHUSDT,1d,16,hi_bear,169,16,0.0033113900735563806,0.8964513472159299,2.270154185030216
ETHUSDT,1d,18,lo,329,23,0.002959121741781094,1.5454185083701735,1.3715956812468342
ETHUSDT,1d,18,hi,328,28,0.0038082794627703753,1.4176630025955292,2.0982498438405495
ETHUSDT,1d,18,hi_bull,164,13,-0.00021435468364272366,-0.05602076370216537,-0.06898202255538126
ETHUSDT,1d,18,hi_bear,164,18,0.007830913609183475,2.0844233413747557,3.1728861261717656
ETHUSDT,1d,21,lo,329,23,0.002549000046636399,1.3344062095015277,1.1132616950393752
ETHUSDT,1d,21,hi,328,24,0.0043777788419024355,1.7085567435087026,2.3563447818542573
ETHUSDT,1d,21,hi_bull,167,13,-0.0002948250668898156,-0.08309221921430324,-0.14023819981624439
ETHUSDT,1d,21,hi_bear,161,12,0.009224517057854646,2.510723697285847,3.483561184174497
ETHUSDT,1d,25,lo,328,20,0.0034352769028928912,1.8019918097894612,1.5783805425680537
ETHUSDT,1d,25,hi,327,20,0.006722726811964935,2.4657985975880226,3.624213207042342
ETHUSDT,1d,25,hi_bull,170,9,0.0008074117471398752,0.2316350201334325,0.5169799516055281
ETHUSDT,1d,25,hi_bear,157,13,0.013127845035023917,3.12969454485599,4.276799036589847
ETHUSDT,1d,30,lo,327,14,0.0028550977871130197,1.5125296963135662,1.4219837389947072
ETHUSDT,1d,30,hi,326,17,0.003394318888743683,1.230101089292859,1.9744768327270177
ETHUSDT,1d,30,hi_bull,178,11,-0.00011164573207823864,-0.032767950364301544,-0.06149788770099219
ETHUSDT,1d,30,hi_bear,148,9,0.007610952013786266,1.699833300681195,2.1066951299445664
ETHUSDT,4h,2,lo,1992,1292,6.741320317423139e-05,0.17704358553361738,0.17479728249222257
ETHUSDT,4h,2,hi,1991,735,0.0002546978929678089,0.5480217679675551,0.5934253937054376
ETHUSDT,4h,2,hi_bull,1060,381,0.0002498290580027095,0.4759602665880136,0.5502201155401532
ETHUSDT,4h,2,hi_bear,931,355,0.0002602413570526697,0.3275536720517383,0.3430050092806192
ETHUSDT,4h,3,lo,1992,926,-0.0002974701741051268,-0.8692034771415988,-0.843231491666989
ETHUSDT,4h,3,hi,1991,618,0.0003947081386641617,0.7410947723888606,0.8870940580188263
ETHUSDT,4h,3,hi_bull,1013,311,0.0003207477006978072,0.5856626674267871,0.6470176164081195
ETHUSDT,4h,3,hi_bear,978,315,0.0004713154225700075,0.5098877644728662,0.6237241855095242
ETHUSDT,4h,4,lo,1992,726,0.00016036518390260271,0.48340155355494274,0.4711412108397076
ETHUSDT,4h,4,hi,1991,478,0.00016611126415047402,0.284490534935815,0.37212373298127305
ETHUSDT,4h,4,hi_bull,942,243,-9.278947474039956e-05,-0.162718746913835,-0.17453250708306753
ETHUSDT,4h,4,hi_bear,1049,250,0.0003986036340601051,0.40547232999206473,0.5514386568118661
ETHUSDT,4h,5,lo,1991,598,0.0005314824981957577,1.6667229069118308,1.6428456844575638
ETHUSDT,4h,5,hi,1991,384,0.0002891045912551253,0.48465302674784544,0.6836283042324172
ETHUSDT,4h,5,hi_bull,913,193,-0.00018531343547179428,-0.3028195105264166,-0.3293987654333545
ETHUSDT,4h,5,hi_bear,1078,206,0.0006909076138911898,0.710569512557047,1.0502159263095443
ETHUSDT,4h,6,lo,1991,482,0.00047102504533503333,1.467424564528751,1.4206572054869642
ETHUSDT,4h,6,hi,1991,315,0.00019891487353021722,0.32991207269556994,0.45354398407742164
ETHUSDT,4h,6,hi_bull,879,162,-0.00015021536437968038,-0.24502737877681646,-0.28015037291420153
ETHUSDT,4h,6,hi_bear,1112,171,0.000474891023820505,0.49219682694724864,0.6870501422257523
ETHUSDT,4h,7,lo,1991,415,0.0004552676847416816,1.4144168432962014,1.351464780007516
ETHUSDT,4h,7,hi,1991,274,0.00023068134525325393,0.37855879290961203,0.5068282878708973
ETHUSDT,4h,7,hi_bull,871,140,0.0002616291523248692,0.41114379382894295,0.5069278501454847
ETHUSDT,4h,7,hi_bear,1120,150,0.00020661389886095317,0.21435552884941667,0.29024407527827095
ETHUSDT,4h,8,lo,1991,358,0.00014734327716826935,0.45191142032491916,0.4217780929680465
ETHUSDT,4h,8,hi,1991,240,2.775150564877857e-05,0.04556236518138204,0.062146145003312454
ETHUSDT,4h,8,hi_bull,846,115,-6.80105705505573e-05,-0.1049330380246864,-0.12743310119468543
ETHUSDT,4h,8,hi_bear,1145,136,9.850671653492542e-05,0.10424788192208102,0.14394323317844374
ETHUSDT,4h,9,lo,1991,313,-0.00022790813034222497,-0.6900300415124084,-0.643500878607141
ETHUSDT,4h,9,hi,1991,202,0.00012459473177529924,0.20622333717027663,0.25892333130611
ETHUSDT,4h,9,hi_bull,832,99,9.412741613138356e-05,0.14574576682528045,0.18979135423123245
ETHUSDT,4h,9,hi_bear,1159,117,0.00014646600581821358,0.15768856310777252,0.19527743481056603
ETHUSDT,4h,10,lo,1990,276,8.044427770733593e-06,0.025515072530676627,0.023278317466934328
ETHUSDT,4h,10,hi,1990,187,0.0002989051252967853,0.49743914473048756,0.5578629891536726
ETHUSDT,4h,10,hi_bull,828,90,0.00011927779977682048,0.18294208359876932,0.20662914990226097
ETHUSDT,4h,10,hi_bear,1162,108,0.00042690118857607173,0.46480922107674577,0.5117487319841552
ETHUSDT,4h,12,lo,1990,242,0.00017330151341493475,0.554915925506505,0.5177093162057842
ETHUSDT,4h,12,hi,1990,136,-0.00012166161850104367,-0.2033764179299447,-0.2177953444929231
ETHUSDT,4h,12,hi_bull,819,67,0.0007338078550556046,1.1296294567376095,1.3719979931559578
ETHUSDT,4h,12,hi_bear,1171,82,-0.0007199788677264023,-0.791831523574131,-0.899997745973846
ETHUSDT,4h,14,lo,1990,207,6.8786612245114925e-06,0.021657187360888883,0.020545494493713286
ETHUSDT,4h,14,hi,1990,111,0.00014774392800218008,0.24590225942602148,0.27714956225487425
ETHUSDT,4h,14,hi_bull,837,49,0.0009171802828016051,1.3822859453565113,1.8147244431438287
ETHUSDT,4h,14,hi_bear,1153,72,-0.00041081481351310076,-0.44739889365289875,-0.5279190049556102
ETHUSDT,4h,16,lo,1989,192,8.211188490259761e-05,0.2542448290446824,0.2253961375619513
ETHUSDT,4h,16,hi,1989,102,0.0005610775162879024,0.9351135870113891,1.0325153075321047
ETHUSDT,4h,16,hi_bull,842,44,0.00120008054501299,1.7932350420293508,2.254976690457986
ETHUSDT,4h,16,hi_bear,1147,66,9.199246817410658e-05,0.10029717825713379,0.11605268486804773
ETHUSDT,4h,18,lo,1989,174,0.00021641393255768937,0.6928526749995964,0.6472766345857607
ETHUSDT,4h,18,hi,1989,94,0.0007197291025740998,1.2073155771367656,1.3132956284929391
ETHUSDT,4h,18,hi_bull,857,43,0.0012876753872225139,1.9427555039379252,2.745628689501082
ETHUSDT,4h,18,hi_bear,1132,58,0.000289755634425963,0.3151222757018036,0.3465684696610821
ETHUSDT,4h,21,lo,1988,160,6.271725969602299e-05,0.20002226624321476,0.18205085638920732
ETHUSDT,4h,21,hi,1988,84,0.0007039544663101393,1.1671700381074688,1.4550313998669882
ETHUSDT,4h,21,hi_bull,838,41,0.0010812192106230852,1.60008949151035,2.113972588242083
ETHUSDT,4h,21,hi_bear,1150,51,0.0004290432874107927,0.4667548691943195,0.6110451981730133
ETHUSDT,4h,25,lo,1987,132,0.00021297833515507598,0.6997038754600939,0.635001896338149
ETHUSDT,4h,25,hi,1987,70,0.0008726143614975493,1.479265220006768,2.0135190788651363
ETHUSDT,4h,25,hi_bull,830,32,0.0012381840602561434,1.8312079424370813,2.6439179167251803
ETHUSDT,4h,25,hi_bear,1157,47,0.0006103647072454897,0.6861296276193146,0.9509558542911006
ETHUSDT,4h,30,lo,1986,99,0.00014721375907913927,0.49040171689501394,0.4203568740205237
ETHUSDT,4h,30,hi,1986,52,0.0006762646845646063,1.1799804846334694,1.6947163541682617
ETHUSDT,4h,30,hi_bull,806,25,0.0009098066705037574,1.3630783753559743,1.8486066491030415
ETHUSDT,4h,30,hi_bear,1180,38,0.0005167436331519319,0.6077607814025772,0.9244790773359565
SOLUSDT,1w,2,lo,32,21,0.024648316722850536,1.0191602898207528,1.018330264559265
SOLUSDT,1w,2,hi,31,7,0.07403889016657078,2.3450190385588194,2.12042850007912
SOLUSDT,1w,2,hi_bull,24,5,0.09226705240032818,2.4123200729124163,2.608863093277107
SOLUSDT,1w,2,hi_bear,7,2,0.011542333936545421,0.25776883121738375,1.965202770740893
SOLUSDT,1w,3,lo,32,15,-0.0070126314938874605,-0.27869693259497974,-0.29085087288314404
SOLUSDT,1w,3,hi,31,8,0.07700938491743269,2.4980677675922225,2.2399751258120504
SOLUSDT,1w,3,hi_bull,25,6,0.08404586894595496,2.2354814005047894,2.2172486849923607
SOLUSDT,1w,3,hi_bear,6,2,0.04769070146525661,1.5252207648179572,1.1650844989475582
SOLUSDT,1w,4,lo,32,12,-0.025587714250367873,-1.18351350273606,-1.1395532981511303
SOLUSDT,1w,4,hi,31,6,0.058814240397002816,1.6534228568476124,3.1548736725948583
SOLUSDT,1w,4,hi_bull,27,5,0.05998231646944428,1.479507278968151,3.5548022185463792
SOLUSDT,1w,4,hi_bear,4,0,,,
SOLUSDT,1w,5,lo,32,10,-0.015521828744380278,-0.5372725727907057,-0.6252954962602839
SOLUSDT,1w,5,hi,32,6,0.0692910716699823,1.9930431471553713,4.966740374173166
SOLUSDT,1w,5,hi_bull,30,5,0.0660507266300745,1.7862778282375005,4.942492506900983
SOLUSDT,1w,5,hi_bear,2,0,,,
SOLUSDT,1w,6,lo,31,8,-0.011772211984664067,-0.41808643589777983,-0.49640643345438223
SOLUSDT,1w,6,hi,31,5,0.0732631160448692,1.9660844325434068,3.0999935436158945
SOLUSDT,1w,6,hi_bull,29,5,0.05619630239078069,1.5185492148035256,3.4730903508337083
SOLUSDT,1w,6,hi_bear,2,0,,,
SOLUSDT,1w,7,lo,31,8,-0.018366131095283574,-0.658684842034295,-0.7016680657357734
SOLUSDT,1w,7,hi,31,4,0.05962637265896203,1.5696952517684277,1.894524121545645
SOLUSDT,1w,7,hi_bull,29,4,0.04161909394377648,1.106994939908406,1.7932028814467116
SOLUSDT,1w,7,hi_bear,2,0,,,
SOLUSDT,1w,8,lo,31,7,0.024049341594474503,1.0897317904223176,1.0052177770743504
SOLUSDT,1w,8,hi,31,4,0.07154625924914314,1.8088658676491012,2.885313332350652
SOLUSDT,1w,8,hi_bull,29,4,0.05436104167810804,1.3725247538682162,3.839613779230439
SOLUSDT,1w,8,hi_bear,2,0,,,
SOLUSDT,1w,9,lo,31,5,0.03711301047059418,1.5720623859731009,1.4457616175682164
SOLUSDT,1w,9,hi,31,3,0.0647428645812912,1.7890916493823794,1.9420831956752838
SOLUSDT,1w,9,hi_bull,31,3,0.0647428645812912,1.7890916493823794,1.9420831956752838
SOLUSDT,1w,9,hi_bear,0,0,,,
SOLUSDT,1w,10,lo,31,4,0.03466785302675109,1.5489897943788768,3.731337537974025
SOLUSDT,1w,10,hi,31,3,0.04803536792906381,1.3643101405979405,1.8195349382749275
SOLUSDT,1w,10,hi_bull,31,3,0.04803536792906381,1.3643101405979405,1.8195349382749275
SOLUSDT,1w,10,hi_bear,0,0,,,
SOLUSDT,1w,12,lo,30,3,0.03367677582648665,1.508417387937027,2.54487460492979
SOLUSDT,1w,12,hi,30,3,0.035062343615837016,0.9904137441067791,1.422139562751801
SOLUSDT,1w,12,hi_bull,30,3,0.035062343615837016,0.9904137441067791,1.422139562751801
SOLUSDT,1w,12,hi_bear,0,0,,,
SOLUSDT,1w,14,lo,30,3,0.0394445546014725,1.6416744715614244,2.8220804601882894
SOLUSDT,1w,14,hi,30,3,0.029382719803503213,0.8157734764588827,2.50696389817231
SOLUSDT,1w,14,hi_bull,30,3,0.029382719803503213,0.8157734764588827,2.50696389817231
SOLUSDT,1w,14,hi_bear,0,0,,,
SOLUSDT,1w,16,lo,29,3,0.031521303516498206,1.3583140500745903,2.4611523574152496
SOLUSDT,1w,16,hi,29,3,0.018637083635345286,0.5111306405362146,1.3075207917744012
SOLUSDT,1w,16,hi_bull,29,3,0.018637083635345286,0.5111306405362146,1.3075207917744012
SOLUSDT,1w,16,hi_bear,0,0,,,
SOLUSDT,1w,18,lo,29,4,0.03335659516087872,1.4698282717099351,2.496836579070702
SOLUSDT,1w,18,hi,29,3,0.0021044503527679922,0.059462434292027105,0.11189105798169319
SOLUSDT,1w,18,hi_bull,29,3,0.0021044503527679922,0.059462434292027105,0.11189105798169319
SOLUSDT,1w,18,hi_bear,0,0,,,
SOLUSDT,1w,21,lo,28,2,0.035687672326260446,1.4325351591048652,13.403951908420407
SOLUSDT,1w,21,hi,28,3,-0.010961145210819303,-0.344274526149052,-1.2193330500904844
SOLUSDT,1w,21,hi_bull,28,3,-0.010961145210819303,-0.344274526149052,-1.2193330500904844
SOLUSDT,1w,21,hi_bear,0,0,,,
SOLUSDT,1w,25,lo,28,1,0.04744598647321761,1.7187426748162922,6381841446430119.0
SOLUSDT,1w,25,hi,28,1,0.07051068434153827,1.8152325049360594,4445726484166666.5
SOLUSDT,1w,25,hi_bull,27,1,0.06536418535803733,1.6359518523140724,
SOLUSDT,1w,25,hi_bear,1,0,,,
SOLUSDT,1w,30,lo,27,1,0.05064753798738599,1.780390861244811,4926878637276051.0
SOLUSDT,1w,30,hi,27,1,-0.004392962455134315,-0.14576786535340797,-2136687560207512.0
SOLUSDT,1w,30,hi_bull,27,1,-0.004392962455134315,-0.14576786535340797,-2136687560207512.0
SOLUSDT,1w,30,hi_bear,0,0,,,
SOLUSDT,1d,2,lo,223,154,0.003765036752543042,1.002507521707931,1.0022418397022606
SOLUSDT,1d,2,hi,223,75,-0.001976867495835406,-0.4786720992560998,-0.5369765438487332
SOLUSDT,1d,2,hi_bull,113,41,-0.0013868780354481178,-0.2508001466262481,-0.23968700016399466
SOLUSDT,1d,2,hi_bear,110,34,-0.0025829475778696197,-0.4182426444905156,-0.5860906444844676
SOLUSDT,1d,3,lo,223,114,0.003923876954044346,1.1397727564929296,1.1335218342765547
SOLUSDT,1d,3,hi,223,59,0.004471734623061491,0.972026040643986,1.0688865153595963
SOLUSDT,1d,3,hi_bull,115,32,0.011623693657787058,1.6817825596489682,2.0128400115530964
SOLUSDT,1d,3,hi_bear,108,28,-0.0031437773120629544,-0.5282181072485492,-0.7263084756458341
SOLUSDT,1d,4,lo,223,85,0.005735868513839538,1.79706761099474,1.7977870724040679
SOLUSDT,1d,4,hi,223,48,0.006463396415816608,1.3598418672158414,1.3737211310598314
SOLUSDT,1d,4,hi_bull,115,27,0.012157758507077681,1.7480386115659337,1.9300013395063456
SOLUSDT,1d,4,hi_bear,108,22,0.00039995530012194706,0.06228232964911855,0.0841763802159023
SOLUSDT,1d,5,lo,223,61,0.0034456363307824845,1.2595957410377485,1.122760745978272
SOLUSDT,1d,5,hi,223,41,0.006611502773544957,1.389449291307166,1.2793700552037446
SOLUSDT,1d,5,hi_bull,118,23,0.01028088146507525,1.5077261925579153,1.4687199150911718
SOLUSDT,1d,5,hi_bear,105,19,0.002487820053539487,0.3769654852238198,0.4235232367860646
SOLUSDT,1d,6,lo,223,56,0.005612643631961464,2.1639235975955233,2.047218556523918
SOLUSDT,1d,6,hi,223,33,0.0075423781975051726,1.5755019815699793,1.3286201370832529
SOLUSDT,1d,6,hi_bull,125,18,0.01178710919502366,1.7495032989294577,1.6002125308289035
SOLUSDT,1d,6,hi_bear,98,16,0.002128180496588737,0.3179560520251488,0.3654866970714818
SOLUSDT,1d,7,lo,222,46,0.004757949542335668,1.8730827266084529,1.7922280994884818
SOLUSDT,1d,7,hi,222,25,0.007574904308509762,1.5460477983332692,1.3375559888009128
SOLUSDT,1d,7,hi_bull,129,14,0.011133725871259737,1.6767551706634434,1.6132398261853864
SOLUSDT,1d,7,hi_bear,93,12,0.002638474398888825,0.36551173095862655,0.3655403035893665
SOLUSDT,1d,8,lo,222,41,0.004434773442396984,1.7970095711298262,1.7094412684920388
SOLUSDT,1d,8,hi,222,23,0.008868298544943701,1.986309574218628,1.7268537791431415
SOLUSDT,1d,8,hi_bull,133,13,0.00912715235440728,1.5467337342130383,1.2617953354656912
SOLUSDT,1d,8,hi_bear,89,10,0.008481472065632961,1.2396050362539823,1.2721724293349541
SOLUSDT,1d,9,lo,222,37,0.0009240522642925219,0.33921678444096154,0.3131017905349972
SOLUSDT,1d,9,hi,222,22,0.010709619089249016,2.238411432948541,2.280361427660106
SOLUSDT,1d,9,hi_bull,134,12,0.010433303811203542,1.7498272189904511,1.767213865400664
SOLUSDT,1d,9,hi_bear,88,10,0.011130371899000081,1.3920279774845286,1.4080341897107471
SOLUSDT,1d,10,lo,222,34,0.00330511985678526,1.187863202726301,1.0202521193098895
SOLUSDT,1d,10,hi,222,20,0.013698511393320897,2.8436040909905196,3.001399453326985
SOLUSDT,1d,10,hi_bull,136,11,0.011107430573506178,1.8754300537631303,1.9975653671799385
SOLUSDT,1d,10,hi_bear,86,10,0.0177960345502372,2.1688042297469994,2.118917389059057
SOLUSDT,1d,12,lo,221,25,0.004070868350299603,1.452754602093843,1.2841452721536089
SOLUSDT,1d,12,hi,221,19,0.01017971605743552,2.1650608821308137,2.6603251736819744
SOLUSDT,1d,12,hi_bull,144,10,0.01049575249566306,1.8110323578528416,2.4929239848133595
SOLUSDT,1d,12,hi_bear,77,9,0.00958868687425674,1.1849844105589944,1.304706966212174
SOLUSDT,1d,14,lo,221,23,0.0070115348182326395,2.8253382141865244,2.6240539042570767
SOLUSDT,1d,14,hi,221,15,0.00859402972552026,1.9519792005039216,1.9211673538421143
SOLUSDT,1d,14,hi_bull,159,9,0.009823938837581574,1.8106589589172326,2.151351068857241
SOLUSDT,1d,14,hi_bear,62,7,0.005439907970395279,0.7442224194718907,0.7738686402539147
SOLUSDT,1d,16,lo,221,20,0.006728451451349184,2.698037057415064,2.329344669129575
SOLUSDT,1d,16,hi,220,13,0.013342892416669107,2.896174563117442,3.7710795749415515
SOLUSDT,1d,16,hi_bull,171,9,0.014632734557647912,2.7011606918480964,4.997981137143702
SOLUSDT,1d,16,hi_bear,49,6,0.008841606577743069,1.0453470796890512,0.9524155996392508
SOLUSDT,1d,18,lo,220,22,0.005893315556347879,2.4206941929132033,2.237711721388266
SOLUSDT,1d,18,hi,219,9,0.015392803930761883,2.8839873402942255,5.788768278771807
SOLUSDT,1d,18,hi_bull,179,6,0.016849153956249394,2.755454749935777,9.229877476239961
SOLUSDT,1d,18,hi_bear,40,5,0.008875637566705254,0.8588763505484197,0.9417578141040513
SOLUSDT,1d,21,lo,220,18,0.0012902191235781109,0.469691857087976,0.4075253529998369
SOLUSDT,1d,21,hi,219,10,0.015335450992144225,2.7756157321835158,7.296978241004793
SOLUSDT,1d,21,hi_bull,188,7,0.015891421274314078,2.683033429369889,9.254651246301199
SOLUSDT,1d,21,hi_bear,31,6,0.011963760248662565,0.7714533992881701,1.2812555591988295
SOLUSDT,1d,25,lo,219,16,0.0024464579689900084,0.6150216749047239,0.5684745070153364
SOLUSDT,1d,25,hi,218,5,0.01213466251741157,2.1755748263391466,5.392858557584348
SOLUSDT,1d,25,hi_bull,192,4,0.012865293785232825,2.1798346495788445,6.914680688349919
SOLUSDT,1d,25,hi_bear,26,2,0.006739231616577681,0.3906401466298219,1.0223217431522489
SOLUSDT,1d,30,lo,218,12,0.0018198511331382636,0.4158878895898096,0.44502773064336265
SOLUSDT,1d,30,hi,218,4,0.013161444801208339,2.321186121062909,18.78406881335704
SOLUSDT,1d,30,hi_bull,197,3,0.012173598250281425,2.06511605773351,9.92337139425935
SOLUSDT,1d,30,hi_bear,21,2,0.02242838625514178,1.0920278358845774,1.8220147445062214
SOLUSDT,4h,2,lo,1340,859,0.000496024544848461,0.7941933960891479,0.8109554278798865
SOLUSDT,4h,2,hi,1339,511,0.0009148147137817825,1.1896303012707596,1.3081572250324296
SOLUSDT,4h,2,hi_bull,689,253,0.00047913116448588356,0.4822083693239307,0.5329397022059318
SOLUSDT,4h,2,hi_bear,650,259,0.0013766392760354352,1.162896144726277,1.2607319196454847
SOLUSDT,4h,3,lo,1339,632,9.921815626204379e-05,0.16849649420365057,0.1722766955612975
SOLUSDT,4h,3,hi,1338,418,0.000810074228310357,1.037490433985617,1.1873999097981671
SOLUSDT,4h,3,hi_bull,673,197,0.00017525463015872093,0.17535752345051897,0.2032843875181186
SOLUSDT,4h,3,hi_bear,665,225,0.001452530753958554,1.2080780618360984,1.3448754896439181
SOLUSDT,4h,4,lo,1339,476,0.0007014252078259116,1.151810653388518,1.1324377072637895
SOLUSDT,4h,4,hi,1339,307,0.0007464692285873242,0.880812656465148,1.1459623310457066
SOLUSDT,4h,4,hi_bull,649,146,0.0005887612825098424,0.5459624015676426,0.7253150452419576
SOLUSDT,4h,4,hi_bear,690,168,0.0008948061227964342,0.6908096750453195,0.8703523208022846
SOLUSDT,4h,5,lo,1339,382,0.0013706586927299037,2.2305555162923887,2.1857835277813082
SOLUSDT,4h,5,hi,1339,252,0.00038895732878640934,0.4512133910938363,0.6054460123206153
SOLUSDT,4h,5,hi_bull,646,122,-0.00042965570881851666,-0.3780367865899188,-0.4813351486599139
SOLUSDT,4h,5,hi_bear,693,138,0.0011520511560487213,0.8963204808130583,1.1752797201990037
SOLUSDT,4h,6,lo,1339,331,0.0005516888673211478,0.8795725851188624,0.9037217750276213
SOLUSDT,4h,6,hi,1339,213,0.0003727990565550405,0.4332678675996742,0.6053287410019654
SOLUSDT,4h,6,hi_bull,649,113,-0.000293445855320525,-0.25711733248589647,-0.3255474359003671
SOLUSDT,4h,6,hi_bear,690,110,0.0009994555026524928,0.7812574985919826,1.1048786745692336
SOLUSDT,4h,7,lo,1339,281,0.0005893405757487251,1.0315056694570404,0.9661548505677835
SOLUSDT,4h,7,hi,1339,177,0.00040170664087374615,0.4756701500413321,0.637290991975769
SOLUSDT,4h,7,hi_bull,634,95,-0.0005965609573305479,-0.5301765594292676,-0.6576713440741498
SOLUSDT,4h,7,hi_bear,705,92,0.0012994394880532106,1.0443250653400271,1.3704416531216688
SOLUSDT,4h,8,lo,1338,238,0.00025035057139694743,0.4403875932429469,0.4364584941991545
SOLUSDT,4h,8,hi,1338,162,0.0006297648335681096,0.7423596335156434,1.0445408444160655
SOLUSDT,4h,8,hi_bull,632,90,-0.0002576505211363866,-0.22908127762526415,-0.2979121792107168
SOLUSDT,4h,8,hi_bear,706,78,0.0014241649811222762,1.136197441916937,1.5513372633407678
SOLUSDT,4h,9,lo,1338,216,0.00034894674547735285,0.624861939459489,0.598334476907773
SOLUSDT,4h,9,hi,1338,137,0.0003106775485556365,0.35860135509559166,0.4589615985598434
SOLUSDT,4h,9,hi_bull,634,73,2.8085834067304866e-05,0.024461694396360898,0.02906823473191624
SOLUSDT,4h,9,hi_bear,704,68,0.0005651706550692761,0.44080459402881184,0.5756861522774263
SOLUSDT,4h,10,lo,1338,198,0.00025382497109406507,0.4683090310040233,0.46065719204705774
SOLUSDT,4h,10,hi,1338,128,0.0005231189355608591,0.5977562608196187,0.7092704839292124
SOLUSDT,4h,10,hi_bull,621,65,7.130726162175044e-05,0.059267478222603864,0.08792415641328949
SOLUSDT,4h,10,hi_bear,717,68,0.0009144369962528904,0.7268777357172782,0.7455100154386738
SOLUSDT,4h,12,lo,1338,170,0.0002759147894374445,0.5325135357589683,0.5142907657802075
SOLUSDT,4h,12,hi,1338,102,0.0008053198641578542,0.9216773936008561,1.1903228842060125
SOLUSDT,4h,12,hi_bull,609,53,0.0010732497495619217,0.8780123580840514,1.2434448150504425
SOLUSDT,4h,12,hi_bear,729,54,0.0005814936635939625,0.4699894493897782,0.5940105259600423
SOLUSDT,4h,14,lo,1337,149,-0.00025767238314384756,-0.48058571461963934,-0.4662730815176482
SOLUSDT,4h,14,hi,1337,88,0.0008118896335978126,0.9240812283984303,1.1928296774370581
SOLUSDT,4h,14,hi_bull,612,44,0.0009252363510829174,0.7435959354239142,0.9469516879615489
SOLUSDT,4h,14,hi_bear,725,52,0.0007162093700103862,0.5801802012717213,0.7814299804841572
SOLUSDT,4h,16,lo,1337,130,-0.00019105031332266172,-0.35089299712719807,-0.3502129843824683
SOLUSDT,4h,16,hi,1337,78,0.0010387318607622594,1.229609234207319,1.5525927758810032
SOLUSDT,4h,16,hi_bull,619,36,0.0014337886199110978,1.1764519939698188,1.7965078775650485
SOLUSDT,4h,16,hi_bear,718,47,0.0006981467160364502,0.5960261350103668,0.703408452226462
SOLUSDT,4h,18,lo,1336,111,0.0002601728195655892,0.4862458922757416,0.5138666690359159
SOLUSDT,4h,18,hi,1336,66,0.0011065242919494017,1.3223304576357449,1.615277651036184
SOLUSDT,4h,18,hi_bull,642,31,0.001520256654074635,1.2264812362496804,1.756532453720487
SOLUSDT,4h,18,hi_bear,694,39,0.0007237920491764917,0.6393249281703165,0.778919331687565
SOLUSDT,4h,21,lo,1336,88,0.0007574407635128058,1.4011066694800764,1.4261011904872427
SOLUSDT,4h,21,hi,1336,59,0.0011731599095274837,1.3849318708341085,1.435921297700294
SOLUSDT,4h,21,hi_bull,670,34,0.00104443262691657,0.8537227086729088,0.9461499658709623
SOLUSDT,4h,21,hi_bear,666,30,0.0013026603289708954,1.1109495596119845,1.3554724949823347
SOLUSDT,4h,25,lo,1335,68,0.000696466484954406,1.248748647990872,1.4519040624602657
SOLUSDT,4h,25,hi,1335,48,0.0015836859240650183,1.8633096323352731,1.936994702896592
SOLUSDT,4h,25,hi_bull,704,29,0.0016185586131855336,1.3604884020595756,1.3596013717518285
SOLUSDT,4h,25,hi_bear,631,24,0.0015447788350937935,1.2723320376696348,1.5774145241342548
SOLUSDT,4h,30,lo,1334,53,0.0009437154215689407,1.6338236295934805,1.7245863147752674
SOLUSDT,4h,30,hi,1334,38,0.0016330158788261972,1.919239997906339,2.180992404198979
SOLUSDT,4h,30,hi_bull,671,20,0.002094622034073051,1.6422385682323382,1.8832149988401004
SOLUSDT,4h,30,hi_bear,663,23,0.001165839815220407,1.036080216807035,1.4909178576830673
