symbol,tf,window,rule,ret_net,trades,win,expo,ret_gross,bh
BTCUSDT,1w,2,dom,13.01595557704737,59,0.559322033898305,0.5546218487394958,13.133955577047375,20.014362661485112
BTCUSDT,1w,2,dom_adx_med,1.753550687100945,21,0.6190476190476191,0.16176470588235295,1.795550687100945,20.014362661485112
BTCUSDT,1w,2,dom_adx_p90,0.05637000668565739,5,0.2,0.03991596638655462,0.0663700066856574,20.014362661485112
BTCUSDT,1w,3,dom,12.87754061505969,39,0.6410256410256411,0.5378151260504201,12.955540615059698,20.014362661485112
BTCUSDT,1w,3,dom_adx_med,1.3507633567059343,13,0.7692307692307693,0.14915966386554622,1.3767633567059343,20.014362661485112
BTCUSDT,1w,3,dom_adx_p90,0.12572213111255925,4,0.75,0.03991596638655462,0.13372213111255926,20.014362661485112
BTCUSDT,1w,4,dom,10.218029885595458,37,0.5135135135135135,0.5483193277310925,10.292029885595463,20.014362661485112
BTCUSDT,1w,4,dom_adx_med,1.4229402693023723,11,0.6363636363636364,0.15756302521008403,1.4449402693023723,20.014362661485112
BTCUSDT,1w,4,dom_adx_p90,0.00842149002977155,3,0.3333333333333333,0.03571428571428571,0.014421490029771555,20.014362661485112
BTCUSDT,1w,5,dom,9.868519654856941,35,0.45714285714285713,0.5483193277310925,9.938519654856943,20.014362661485112
BTCUSDT,1w,5,dom_adx_med,1.0208638303630106,12,0.5,0.16176470588235295,1.0448638303630107,20.014362661485112
BTCUSDT,1w,5,dom_adx_p90,0.030145271025428633,3,0.3333333333333333,0.029411764705882353,0.03614527102542864,20.014362661485112
BTCUSDT,1w,6,dom,10.212044570872749,30,0.5666666666666667,0.5462184873949579,10.272044570872751,20.014362661485112
BTCUSDT,1w,6,dom_adx_med,0.8824503345949223,8,0.625,0.16596638655462184,0.8984503345949223,20.014362661485112
BTCUSDT,1w,6,dom_adx_p90,0.141071710111067,3,1.0,0.0273109243697479,0.147071710111067,20.014362661485112
BTCUSDT,1w,7,dom,10.271910859581952,25,0.56,0.5378151260504201,10.321910859581955,20.014362661485112
BTCUSDT,1w,7,dom_adx_med,0.4433350029433386,11,0.18181818181818182,0.1638655462184874,0.4653350029433386,20.014362661485112
BTCUSDT,1w,7,dom_adx_p90,0.3125047330197478,3,0.3333333333333333,0.029411764705882353,0.3185047330197478,20.014362661485112
BTCUSDT,1w,8,dom,9.984205738020067,24,0.5416666666666666,0.5483193277310925,10.032205738020066,20.014362661485112
BTCUSDT,1w,8,dom_adx_med,0.5891519307290514,11,0.36363636363636365,0.17436974789915966,0.6111519307290514,20.014362661485112
BTCUSDT,1w,8,dom_adx_p90,0.638362050706208,1,1.0,0.031512605042016806,0.640362050706208,20.014362661485112
BTCUSDT,1w,9,dom,10.122501331836785,20,0.55,0.5399159663865546,10.162501331836788,20.014362661485112
BTCUSDT,1w,9,dom_adx_med,0.7803430964050523,10,0.3,0.18067226890756302,0.8003430964050523,20.014362661485112
BTCUSDT,1w,9,dom_adx_p90,0.49272637785372364,1,1.0,0.031512605042016806,0.49472637785372364,20.014362661485112
BTCUSDT,1w,10,dom,10.17231867147599,22,0.5,0.5315126050420168,10.216318671475989,20.014362661485112
BTCUSDT,1w,10,dom_adx_med,0.6639549915181981,11,0.2727272727272727,0.18907563025210083,0.6859549915181982,20.014362661485112
BTCUSDT,1w,10,dom_adx_p90,0.4763203627853212,1,1.0,0.03361344537815126,0.4783203627853212,20.014362661485112
BTCUSDT,1w,12,dom,9.194797668447256,20,0.65,0.5483193277310925,9.234797668447259,20.014362661485112
BTCUSDT,1w,12,dom_adx_med,0.6395108298002775,12,0.25,0.18067226890756302,0.6635108298002775,20.014362661485112
BTCUSDT,1w,12,dom_adx_p90,0.510462633903914,1,1.0,0.03361344537815126,0.512462633903914,20.014362661485112
BTCUSDT,1w,14,dom,7.386476728947347,18,0.6111111111111112,0.5462184873949579,7.422476728947347,20.014362661485112
BTCUSDT,1w,14,dom_adx_med,0.6769616109541836,9,0.3333333333333333,0.18487394957983194,0.6949616109541836,20.014362661485112
BTCUSDT,1w,14,dom_adx_p90,0.5374782916533591,1,1.0,0.03361344537815126,0.5394782916533591,20.014362661485112
BTCUSDT,1w,16,dom,6.0585883086291155,19,0.5789473684210527,0.5525210084033614,6.096588308629114,20.014362661485112
BTCUSDT,1w,16,dom_adx_med,0.7677199856823279,9,0.4444444444444444,0.17647058823529413,0.7857199856823279,20.014362661485112
BTCUSDT,1w,16,dom_adx_p90,0.4766802987567196,1,1.0,0.03571428571428571,0.4786802987567196,20.014362661485112
BTCUSDT,1w,18,dom,6.1446656154547945,18,0.5,0.5735294117647058,6.180665615454794,20.014362661485112
BTCUSDT,1w,18,dom_adx_med,0.4356493138306111,8,0.375,0.17647058823529413,0.45164931383061113,20.014362661485112
BTCUSDT,1w,18,dom_adx_p90,0.3701325051759834,1,1.0,0.031512605042016806,0.3721325051759834,20.014362661485112
BTCUSDT,1w,21,dom,6.083126096491067,19,0.47368421052631576,0.5882352941176471,6.121126096491066,20.014362661485112
BTCUSDT,1w,21,dom_adx_med,0.9070076037528008,6,0.8333333333333334,0.19117647058823528,0.9190076037528008,20.014362661485112
BTCUSDT,1w,21,dom_adx_p90,0.0834596850744771,1,1.0,0.0273109243697479,0.0854596850744771,20.014362661485112
BTCUSDT,1w,25,dom,5.4488869536098266,17,0.47058823529411764,0.6029411764705882,5.4828869536098255,20.014362661485112
BTCUSDT,1w,25,dom_adx_med,0.8295980691454063,5,0.6,0.18907563025210083,0.8395980691454064,20.014362661485112
BTCUSDT,1w,25,dom_adx_p90,0.016345026213759883,1,1.0,0.0273109243697479,0.018345026213759885,20.014362661485112
BTCUSDT,1w,30,dom,5.241850943319021,10,0.6,0.6323529411764706,5.261850943319019,20.014362661485112
BTCUSDT,1w,30,dom_adx_med,0.8573874783914331,3,0.6666666666666666,0.1953781512605042,0.8633874783914331,20.014362661485112
BTCUSDT,1w,30,dom_adx_p90,-0.036078172418229415,2,0.5,0.01680672268907563,-0.03207817241822941,20.014362661485112
BTCUSDT,1d,2,dom,14.05010605506347,422,0.46919431279620855,0.5142943123683419,14.894106055063485,19.039553520587713
BTCUSDT,1d,2,dom_adx_med,7.20074563325463,225,0.49333333333333335,0.23593138730063196,7.650745633254612,19.039553520587713
BTCUSDT,1d,2,dom_adx_p90,2.0693263903392927,60,0.5166666666666667,0.06078844417694854,2.1893263903392923,19.039553520587713
BTCUSDT,1d,3,dom,13.486915187650006,325,0.48307692307692307,0.501354198013843,14.136915187650011,19.039553520587713
BTCUSDT,1d,3,dom_adx_med,6.2653051910264494,170,0.5058823529411764,0.24074631357207343,6.6053051910264395,19.039553520587713
BTCUSDT,1d,3,dom_adx_p90,2.094266032737103,53,0.5660377358490566,0.05717724947336744,2.200266032737102,19.039553520587713
BTCUSDT,1d,4,dom,12.966947639817194,266,0.4924812030075188,0.5037616611495637,13.498947639817189,19.039553520587713
BTCUSDT,1d,4,dom_adx_med,6.291355606808252,145,0.4896551724137931,0.24104724646403852,6.5813556068082395,19.039553520587713
BTCUSDT,1d,4,dom_adx_p90,1.7650351626952065,41,0.6097560975609756,0.058380981041227804,1.8470351626952064,19.039553520587713
BTCUSDT,1d,5,dom,12.544508181894257,229,0.5283842794759825,0.5001504664459826,13.002508181894228,19.039553520587713
BTCUSDT,1d,5,dom_adx_med,6.063977977095567,114,0.4298245614035088,0.23593138730063196,6.291977977095563,19.039553520587713
BTCUSDT,1d,5,dom_adx_p90,1.9253887790721296,33,0.6060606060606061,0.06018657839301836,1.9913887790721296,19.039553520587713
BTCUSDT,1d,6,dom,12.137094430124225,194,0.5721649484536082,0.498344869094192,12.525094430124211,19.039553520587713
BTCUSDT,1d,6,dom_adx_med,5.594524175862071,96,0.5104166666666666,0.2419500451399338,5.786524175862068,19.039553520587713
BTCUSDT,1d,6,dom_adx_p90,1.4090442489030768,30,0.6333333333333333,0.05898284682515799,1.4690442489030762,19.039553520587713
BTCUSDT,1d,7,dom,11.971431591972214,167,0.5988023952095808,0.49593740595847124,12.305431591972198,19.039553520587713
BTCUSDT,1d,7,dom_adx_med,5.463586812711543,88,0.5227272727272727,0.2419500451399338,5.639586812711541,19.039553520587713
BTCUSDT,1d,7,dom_adx_p90,0.9895489603241177,31,0.5161290322580645,0.05717724947336744,1.0515489603241177,19.039553520587713
BTCUSDT,1d,8,dom,11.504131131036083,154,0.5714285714285714,0.49322900993078544,11.812131131036061,19.039553520587713
BTCUSDT,1d,8,dom_adx_med,4.817126513726743,77,0.5324675324675324,0.2452603069515498,4.971126513726743,19.039553520587713
BTCUSDT,1d,8,dom_adx_p90,1.149230320768931,23,0.6086956521739131,0.05236232320192597,1.1952303207689305,19.039553520587713
BTCUSDT,1d,9,dom,11.50084797794813,142,0.5492957746478874,0.49172434547096,11.784847977948129,19.039553520587713
BTCUSDT,1d,9,dom_adx_med,4.739800569777346,68,0.5147058823529411,0.24766777008727053,4.875800569777346,19.039553520587713
BTCUSDT,1d,9,dom_adx_p90,0.9926578100186565,22,0.5909090909090909,0.05356605476978634,1.0366578100186565,19.039553520587713
BTCUSDT,1d,10,dom,11.325244265253488,135,0.5555555555555556,0.4902196810111345,11.595244265253491,19.039553520587713
BTCUSDT,1d,10,dom_adx_med,5.099914651032637,58,0.5172413793103449,0.24857056876316583,5.215914651032634,19.039553520587713
BTCUSDT,1d,10,dom_adx_p90,1.2741615345213586,15,0.5333333333333333,0.05266325609389106,1.3041615345213584,19.039553520587713
BTCUSDT,1d,12,dom,10.647394159167673,120,0.5833333333333334,0.48841408365934397,10.887394159167672,19.039553520587713
BTCUSDT,1d,12,dom_adx_med,4.084226330975174,49,0.5306122448979592,0.24676497141137527,4.182226330975174,19.039553520587713
BTCUSDT,1d,12,dom_adx_p90,1.125697137448054,10,0.8,0.05025579295817033,1.145697137448054,19.039553520587713
BTCUSDT,1d,14,dom,9.948069032341897,109,0.5321100917431193,0.48450195606379776,10.166069032341895,19.039553520587713
BTCUSDT,1d,14,dom_adx_med,3.84907590134303,46,0.5,0.24736683719530544,3.9410759013430283,19.039553520587713
BTCUSDT,1d,14,dom_adx_p90,1.0175879377807826,10,0.6,0.05356605476978634,1.0375879377807822,19.039553520587713
BTCUSDT,1d,16,dom,9.58007662140032,96,0.5416666666666666,0.48480288895576285,9.772076621400316,19.039553520587713
BTCUSDT,1d,16,dom_adx_med,3.929774381015339,38,0.5789473684210527,0.24375564249172435,4.005774381015338,19.039553520587713
BTCUSDT,1d,16,dom_adx_p90,1.0350594961493331,13,0.5384615384615384,0.058080048149262715,1.0610594961493325,19.039553520587713
BTCUSDT,1d,18,dom,9.825539805760132,96,0.5,0.4793860969003912,10.017539805760132,19.039553520587713
BTCUSDT,1d,18,dom_adx_med,4.1491318007379565,40,0.55,0.24225097803189888,4.2291318007379575,19.039553520587713
BTCUSDT,1d,18,dom_adx_p90,1.3341945004841924,8,0.875,0.06289497442070419,1.3501945004841924,19.039553520587713
BTCUSDT,1d,21,dom,9.58472215278026,89,0.5280898876404494,0.4763767679807403,9.762722152780253,19.039553520587713
BTCUSDT,1d,21,dom_adx_med,4.1325441263997895,41,0.5609756097560976,0.24646403851941018,4.21454412639979,19.039553520587713
BTCUSDT,1d,21,dom_adx_p90,1.582587058044214,6,1.0,0.06680710201625037,1.594587058044214,19.039553520587713
BTCUSDT,1d,25,dom,9.542620641309806,78,0.5769230769230769,0.4697562443575083,9.698620641309805,19.039553520587713
BTCUSDT,1d,25,dom_adx_med,4.080095483949947,35,0.5142857142857142,0.24345470959975926,4.150095483949944,19.039553520587713
BTCUSDT,1d,25,dom_adx_p90,2.244131952712321,6,0.8333333333333334,0.07523322299127294,2.2561319527123214,19.039553520587713
BTCUSDT,1d,30,dom,8.909482080654648,71,0.5633802816901409,0.4673487812217875,9.05148208065466,19.039553520587713
BTCUSDT,1d,30,dom_adx_med,4.182833831903518,29,0.5517241379310345,0.22539873608185373,4.240833831903516,19.039553520587713
BTCUSDT,1d,30,dom_adx_p90,2.5354307090872785,6,1.0,0.07974721637074933,2.5474307090872785,19.039553520587713
BTCUSDT,4h,2,dom,21.978097308963434,2523,0.43162901307966706,0.49791656207640944,27.02409730896323,18.740525840289287
BTCUSDT,4h,2,dom_adx_med,11.975397543866313,1547,0.42016806722689076,0.2508660073296852,15.06939754386634,18.740525840289287
BTCUSDT,4h,2,dom_adx_p90,2.6971070901385334,391,0.3887468030690537,0.055725689040614486,3.479107090138519,18.740525840289287
BTCUSDT,4h,3,dom,21.05040229597068,1950,0.44256410256410256,0.4941513128169085,24.95040229597055,18.740525840289287
BTCUSDT,4h,3,dom_adx_med,10.902176162026912,1157,0.41745894554883317,0.2453938450725438,13.216176162026933,18.740525840289287
BTCUSDT,4h,3,dom_adx_p90,3.078106209098631,328,0.43597560975609756,0.05487223254179427,3.734106209098614,18.740525840289287
BTCUSDT,4h,4,dom,19.66624572397439,1610,0.44906832298136645,0.49600883578492894,22.88624572397426,18.740525840289287
BTCUSDT,4h,4,dom_adx_med,8.7107515309472,906,0.4083885209713024,0.2427330689291631,10.522751530947161,18.740525840289287
BTCUSDT,4h,4,dom_adx_p90,2.793303774465846,246,0.4634146341463415,0.05336613283799387,3.285303774465836,18.740525840289287
BTCUSDT,4h,5,dom,18.360070039340513,1393,0.44077530509691315,0.4972137155479693,21.146070039340362,18.740525840289287
BTCUSDT,4h,5,dom_adx_med,8.241176931165066,744,0.3978494623655914,0.24393794869220342,9.729176931165018,18.740525840289287
BTCUSDT,4h,5,dom_adx_p90,2.1526007890384413,192,0.46875,0.05291430292685376,2.536600789038437,18.740525840289287
BTCUSDT,4h,6,dom,17.34428983800921,1266,0.44944707740916273,0.49359907625884836,19.876289838009114,18.740525840289287
BTCUSDT,4h,6,dom_adx_med,7.780579724111366,638,0.3934169278996865,0.24223103569456297,9.056579724111309,18.740525840289287
BTCUSDT,4h,6,dom_adx_p90,1.98338220150496,153,0.5294117647058824,0.052813896279933735,2.2893822015049583,18.740525840289287
BTCUSDT,4h,7,dom,16.835292093812598,1143,0.44006999125109364,0.4926452131131081,19.121292093812574,18.740525840289287
BTCUSDT,4h,7,dom_adx_med,7.523905322681786,540,0.387037037037037,0.24137757919574276,8.603905322681753,18.740525840289287
BTCUSDT,4h,7,dom_adx_p90,2.178887154503792,136,0.47058823529411764,0.053315929514533865,2.4508871545037874,18.740525840289287
BTCUSDT,4h,8,dom,16.336527558995343,1046,0.4359464627151052,0.4939002961996084,18.42852755899535,18.740525840289287
BTCUSDT,4h,8,dom_adx_med,6.910936434220843,486,0.36213991769547327,0.23946985290426226,7.882936434220808,18.740525840289287
BTCUSDT,4h,8,dom_adx_p90,1.837844416903917,117,0.4358974358974359,0.05236206636879361,2.071844416903916,18.740525840289287
BTCUSDT,4h,9,dom,15.666957406306818,963,0.42782969885773625,0.49139013002660775,17.59295740630682,18.740525840289287
BTCUSDT,4h,9,dom_adx_med,6.8555508098425975,438,0.3904109589041096,0.23791354987700186,7.731550809842576,18.740525840289287
BTCUSDT,4h,9,dom_adx_p90,2.0506952719675446,108,0.4722222222222222,0.05286409960339374,2.266695271967542,18.740525840289287
BTCUSDT,4h,10,dom,15.457768617195224,883,0.43148357870894677,0.4911391134093077,17.22376861719523,18.740525840289287
BTCUSDT,4h,10,dom_adx_med,6.875043069709028,405,0.3925925925925926,0.238515989758522,7.685043069709003,18.740525840289287
BTCUSDT,4h,10,dom_adx_p90,2.039861665897064,96,0.4375,0.053215522867613836,2.2318616658970636,18.740525840289287
BTCUSDT,4h,12,dom,14.716956314395661,788,0.4289340101522843,0.4871730508559667,16.29295631439568,18.740525840289287
BTCUSDT,4h,12,dom_adx_med,6.574464635986939,340,0.40588235294117647,0.23700989005472162,7.254464635986922,18.740525840289287
BTCUSDT,4h,12,dom_adx_p90,1.991553747647237,80,0.5125,0.05437019930719414,2.1515537476472355,18.740525840289287
BTCUSDT,4h,14,dom,13.947189398621498,713,0.4305750350631136,0.48295597168532556,15.373189398621482,18.740525840289287
BTCUSDT,4h,14,dom_adx_med,5.716329251848134,317,0.416403785488959,0.23550379035092123,6.350329251848125,18.740525840289287
BTCUSDT,4h,14,dom_adx_p90,2.030160598442091,69,0.5362318840579711,0.054119182689894074,2.168160598442089,18.740525840289287
BTCUSDT,4h,16,dom,13.735000166534672,649,0.44992295839753466,0.4815502786284452,15.033000166534675,18.740525840289287
BTCUSDT,4h,16,dom_adx_med,5.781568777239599,290,0.44482758620689655,0.2342989105878809,6.361568777239587,18.740525840289287
BTCUSDT,4h,16,dom_adx_p90,1.802174973408522,57,0.5263157894736842,0.05366735277875395,1.9161749734085216,18.740525840289287
BTCUSDT,4h,18,dom,13.155462193787768,611,0.4369885433715221,0.47773482604548423,14.377462193787782,18.740525840289287
BTCUSDT,4h,18,dom_adx_med,5.638058004202,275,0.4254545454545455,0.23244138761986044,6.188058004201983,18.740525840289287
BTCUSDT,4h,18,dom_adx_p90,1.7667916232808856,49,0.6122448979591837,0.0519102364576535,1.8647916232808854,18.740525840289287
BTCUSDT,4h,21,dom,12.34616566332049,567,0.42504409171075835,0.4733169335810031,13.480165663320493,18.740525840289287
BTCUSDT,4h,21,dom_adx_med,4.871036027882156,254,0.42913385826771655,0.23224057432602038,5.379036027882151,18.740525840289287
BTCUSDT,4h,21,dom_adx_p90,1.6620950310158304,47,0.5957446808510638,0.05060495004769316,1.75609503101583,18.740525840289287
BTCUSDT,4h,25,dom,11.829156905728105,523,0.42829827915869984,0.46744314473618154,12.875156905728113,18.740525840289287
BTCUSDT,4h,25,dom_adx_med,5.017211715683371,220,0.45454545454545453,0.2311361012099001,5.457211715683361,18.740525840289287
BTCUSDT,4h,25,dom_adx_p90,1.2190419904889647,43,0.5116279069767442,0.04849641046237261,1.3050419904889639,18.740525840289287
BTCUSDT,4h,30,dom,11.308707934756239,471,0.3991507430997877,0.4604648827752397,12.250707934756232,18.740525840289287
BTCUSDT,4h,30,dom_adx_med,4.554620450154708,192,0.3802083333333333,0.22742105527385914,4.938620450154703,18.740525840289287
BTCUSDT,4h,30,dom_adx_p90,1.099917133940075,39,0.6153846153846154,0.04849641046237261,1.1779171339400754,18.740525840289287
ETHUSDT,1w,2,dom,15.80250493244267,44,0.6363636363636364,0.5147058823529411,15.89050493244267,8.134603811434301
ETHUSDT,1w,2,dom_adx_med,1.4304808645002378,18,0.6111111111111112,0.11764705882352941,1.4664808645002378,8.134603811434301
ETHUSDT,1w,2,dom_adx_p90,0.05544749978079344,3,0.3333333333333333,0.01050420168067227,0.061447499780793446,8.134603811434301
ETHUSDT,1w,3,dom,15.161835265742324,38,0.6052631578947368,0.5021008403361344,15.237835265742332,8.134603811434301
ETHUSDT,1w,3,dom_adx_med,0.8623293385500763,15,0.6666666666666666,0.13655462184873948,0.8923293385500763,8.134603811434301
ETHUSDT,1w,3,dom_adx_p90,-0.004,2,0.0,0.004201680672268907,0.0,8.134603811434301
ETHUSDT,1w,4,dom,11.974103580140197,30,0.7333333333333333,0.5,12.034103580140197,8.134603811434301
ETHUSDT,1w,4,dom_adx_med,0.5797623873209156,12,0.6666666666666666,0.13025210084033614,0.6037623873209156,8.134603811434301
ETHUSDT,1w,4,dom_adx_p90,-0.038640176523733416,2,0.0,0.0063025210084033615,-0.03464017652373341,8.134603811434301
ETHUSDT,1w,5,dom,14.22248805501656,29,0.6551724137931034,0.49789915966386555,14.280488055016562,8.134603811434301
ETHUSDT,1w,5,dom_adx_med,0.17181170992781936,12,0.4166666666666667,0.12815126050420167,0.19581170992781938,8.134603811434301
ETHUSDT,1w,5,dom_adx_p90,0.03023034747653952,1,1.0,0.0063025210084033615,0.03223034747653952,8.134603811434301
ETHUSDT,1w,6,dom,14.092067469534042,23,0.6086956521739131,0.4894957983193277,14.138067469534038,8.134603811434301
ETHUSDT,1w,6,dom_adx_med,0.6460752034544233,8,0.5,0.12605042016806722,0.6620752034544233,8.134603811434301
ETHUSDT,1w,6,dom_adx_p90,-0.036640176523733414,1,0.0,0.004201680672268907,-0.03464017652373341,8.134603811434301
ETHUSDT,1w,7,dom,10.498875697283188,24,0.5833333333333334,0.49789915966386555,10.546875697283186,8.134603811434301
ETHUSDT,1w,7,dom_adx_med,0.8046589190855394,8,0.625,0.12394957983193278,0.8206589190855395,8.134603811434301
ETHUSDT,1w,7,dom_adx_p90,-0.038640176523733416,2,0.0,0.0063025210084033615,-0.03464017652373341,8.134603811434301
ETHUSDT,1w,8,dom,10.269977977555868,23,0.5652173913043478,0.5021008403361344,10.315977977555864,8.134603811434301
ETHUSDT,1w,8,dom_adx_med,0.7165942331844922,8,0.625,0.12605042016806722,0.7325942331844922,8.134603811434301
ETHUSDT,1w,8,dom_adx_p90,-0.004,2,0.0,0.004201680672268907,0.0,8.134603811434301
ETHUSDT,1w,9,dom,15.113562201288206,22,0.5454545454545454,0.5063025210084033,15.157562201288204,8.134603811434301
ETHUSDT,1w,9,dom_adx_med,0.6247712971080146,9,0.4444444444444444,0.11764705882352941,0.6427712971080146,8.134603811434301
ETHUSDT,1w,9,dom_adx_p90,-0.0018381211073612552,1,0.0,0.0063025210084033615,0.0001618788926387449,8.134603811434301
ETHUSDT,1w,10,dom,13.558707281265544,21,0.5714285714285714,0.5021008403361344,13.600707281265544,8.134603811434301
ETHUSDT,1w,10,dom_adx_med,0.6203943711535548,8,0.5,0.11134453781512606,0.6363943711535548,8.134603811434301
ETHUSDT,1w,10,dom_adx_p90,-0.1113910743153873,1,0.0,0.01050420168067227,-0.1093910743153873,8.134603811434301
ETHUSDT,1w,12,dom,13.177796477812668,19,0.631578947368421,0.5063025210084033,13.21579647781267,8.134603811434301
ETHUSDT,1w,12,dom_adx_med,0.4940827605089617,7,0.42857142857142855,0.1134453781512605,0.5080827605089617,8.134603811434301
ETHUSDT,1w,12,dom_adx_p90,-0.1113910743153873,1,0.0,0.01050420168067227,-0.1093910743153873,8.134603811434301
ETHUSDT,1w,14,dom,12.580172384333991,17,0.6470588235294118,0.5105042016806722,12.614172384333992,8.134603811434301
ETHUSDT,1w,14,dom_adx_med,0.41187847104523667,4,0.25,0.09243697478991597,0.4198784710452367,8.134603811434301
ETHUSDT,1w,14,dom_adx_p90,-0.05426767635196317,1,0.0,0.008403361344537815,-0.052267676351963166,8.134603811434301
ETHUSDT,1w,16,dom,12.232669295931366,15,0.6666666666666666,0.523109243697479,12.262669295931367,8.134603811434301
ETHUSDT,1w,16,dom_adx_med,0.37022711992221446,5,0.2,0.08823529411764706,0.3802271199222145,8.134603811434301
ETHUSDT,1w,16,dom_adx_p90,0.053079754210576535,1,1.0,0.004201680672268907,0.05507975421057654,8.134603811434301
ETHUSDT,1w,18,dom,10.17592849254184,14,0.6428571428571429,0.5147058823529411,10.20392849254184,8.134603811434301
ETHUSDT,1w,18,dom_adx_med,0.4096741426114373,4,0.25,0.07983193277310924,0.4176741426114373,8.134603811434301
ETHUSDT,1w,18,dom_adx_p90,0.0,0,,0.0,0.0,8.134603811434301
ETHUSDT,1w,21,dom,18.91162789784301,11,0.6363636363636364,0.5021008403361344,18.933627897843014,8.134603811434301
ETHUSDT,1w,21,dom_adx_med,0.09537647755865764,5,0.2,0.09453781512605042,0.10537647755865764,8.134603811434301
ETHUSDT,1w,21,dom_adx_p90,0.0,0,,0.0,0.0,8.134603811434301
ETHUSDT,1w,25,dom,18.86600566041955,12,0.5,0.5063025210084033,18.890005660419547,8.134603811434301
ETHUSDT,1w,25,dom_adx_med,0.23548471401990778,3,0.3333333333333333,0.09033613445378151,0.2414847140199078,8.134603811434301
ETHUSDT,1w,25,dom_adx_p90,0.0,0,,0.0,0.0,8.134603811434301
ETHUSDT,1w,30,dom,16.37822953764945,11,0.5454545454545454,0.49789915966386555,16.40022953764945,8.134603811434301
ETHUSDT,1w,30,dom_adx_med,0.000497295711389123,4,0.25,0.07983193277310924,0.00849729571138913,8.134603811434301
ETHUSDT,1w,30,dom_adx_p90,0.0,0,,0.0,0.0,8.134603811434301
ETHUSDT,1d,2,dom,17.608891878455843,399,0.49373433583959897,0.5019560637977731,18.40689187845584,8.046920529801325
ETHUSDT,1d,2,dom_adx_med,9.18356893986672,230,0.48695652173913045,0.23232019259705086,9.64356893986671,8.046920529801325
ETHUSDT,1d,2,dom_adx_p90,2.4759885885829247,52,0.6153846153846154,0.05236232320192597,2.579988588582923,8.046920529801325
ETHUSDT,1d,3,dom,15.367145764510505,328,0.4847560975609756,0.49352994282275053,16.023145764510534,8.046920529801325
ETHUSDT,1d,3,dom_adx_med,9.12156242474556,171,0.4444444444444444,0.2380379175443876,9.463562424745557,8.046920529801325
ETHUSDT,1d,3,dom_adx_p90,3.046453344064925,50,0.54,0.052964188985856156,3.1464533440649225,8.046920529801325
ETHUSDT,1d,4,dom,15.11034201578461,277,0.48736462093862815,0.4826963587120072,15.664342015784626,8.046920529801325
ETHUSDT,1d,4,dom_adx_med,7.963105589085195,136,0.4485294117647059,0.23201925970508577,8.23510558908519,8.046920529801325
ETHUSDT,1d,4,dom_adx_p90,2.494388224424121,34,0.5882352941176471,0.05567258501354198,2.5623882244241196,8.046920529801325
ETHUSDT,1d,5,dom,14.538758720973474,226,0.4424778761061947,0.4790851640084261,14.99075872097348,8.046920529801325
ETHUSDT,1d,5,dom_adx_med,6.851046334200797,107,0.48598130841121495,0.23262112548901595,7.065046334200795,8.046920529801325
ETHUSDT,1d,5,dom_adx_p90,2.2063526260800987,26,0.6538461538461539,0.05386698766175143,2.2583526260800983,8.046920529801325
ETHUSDT,1d,6,dom,14.823620582246194,199,0.46733668341708545,0.47487210352091486,15.221620582246208,8.046920529801325
ETHUSDT,1d,6,dom_adx_med,6.6317492365633885,99,0.43434343434343436,0.22931086367739995,6.829749236563382,8.046920529801325
ETHUSDT,1d,6,dom_adx_p90,1.850588074451921,20,0.75,0.052061390309960875,1.8905880744519208,8.046920529801325
ETHUSDT,1d,7,dom,14.398039915732713,176,0.48295454545454547,0.46704784832982243,14.750039915732732,8.046920529801325
ETHUSDT,1d,7,dom_adx_med,6.5978148129461776,81,0.43209876543209874,0.22208847427023773,6.759814812946177,8.046920529801325
ETHUSDT,1d,7,dom_adx_p90,1.407331450562746,20,0.55,0.04995486006620524,1.447331450562746,8.046920529801325
ETHUSDT,1d,8,dom,13.99694341298748,149,0.47651006711409394,0.4649413180860668,14.29494341298749,8.046920529801325
ETHUSDT,1d,8,dom_adx_med,6.154444720729522,73,0.4794520547945205,0.21847727956665663,6.300444720729518,8.046920529801325
ETHUSDT,1d,8,dom_adx_p90,1.2379310581770924,17,0.5882352941176471,0.046945531146554316,1.2719310581770928,8.046920529801325
ETHUSDT,1d,9,dom,13.559556305265659,137,0.46715328467153283,0.4631357207342763,13.83355630526567,8.046920529801325
ETHUSDT,1d,9,dom_adx_med,5.821979992702483,65,0.5076923076923077,0.2157688835389708,5.951979992702475,8.046920529801325
ETHUSDT,1d,9,dom_adx_p90,0.9928488053095684,17,0.5294117647058824,0.04634366536262414,1.0268488053095681,8.046920529801325
ETHUSDT,1d,10,dom,14.107651731760045,130,0.45384615384615384,0.46433945230213663,14.367651731760052,8.046920529801325
ETHUSDT,1d,10,dom_adx_med,5.562957107681645,63,0.5555555555555556,0.2157688835389708,5.688957107681643,8.046920529801325
ETHUSDT,1d,10,dom_adx_p90,0.6398071326211323,18,0.4444444444444444,0.04513993379476377,0.6758071326211323,8.046920529801325
ETHUSDT,1d,12,dom,13.85154931373029,115,0.4956521739130435,0.45982545892266025,14.081549313730292,8.046920529801325
ETHUSDT,1d,12,dom_adx_med,5.141501194908024,51,0.5686274509803921,0.20643996388805297,5.243501194908022,8.046920529801325
ETHUSDT,1d,12,dom_adx_p90,0.869718590176713,18,0.3333333333333333,0.04664459825458923,0.9057185901767131,8.046920529801325
ETHUSDT,1d,14,dom,12.754769649547145,104,0.5096153846153846,0.4580198615708697,12.962769649547141,8.046920529801325
ETHUSDT,1d,14,dom_adx_med,4.380039607236566,44,0.5227272727272727,0.20704182967198315,4.468039607236565,8.046920529801325
ETHUSDT,1d,14,dom_adx_p90,0.6510735860292599,15,0.4666666666666667,0.048450195606379774,0.6810735860292599,8.046920529801325
ETHUSDT,1d,16,dom,12.783400303240027,92,0.5652173913043478,0.45531146554318386,12.96740030324003,8.046920529801325
ETHUSDT,1d,16,dom_adx_med,5.269644304269303,38,0.5,0.21155582305145954,5.345644304269303,8.046920529801325
ETHUSDT,1d,16,dom_adx_p90,0.5564030882164348,15,0.4666666666666667,0.0511585916340656,0.5864030882164348,8.046920529801325
ETHUSDT,1d,18,dom,13.078295371379472,88,0.5568181818181818,0.449292807703882,13.254295371379468,8.046920529801325
ETHUSDT,1d,18,dom_adx_med,4.215727598950163,39,0.5128205128205128,0.21396328618718025,4.293727598950163,8.046920529801325
ETHUSDT,1d,18,dom_adx_p90,0.6867452184158205,11,0.7272727272727273,0.049653927174240144,0.7087452184158205,8.046920529801325
ETHUSDT,1d,21,dom,12.269023126139995,82,0.6097560975609756,0.44568161300030096,12.433023126139991,8.046920529801325
ETHUSDT,1d,21,dom_adx_med,5.62763798839255,35,0.6285714285714286,0.21546795064700572,5.69763798839255,8.046920529801325
ETHUSDT,1d,21,dom_adx_p90,0.19635484235362044,10,0.6,0.05025579295817033,0.21635484235362046,8.046920529801325
ETHUSDT,1d,25,dom,12.195236763668905,72,0.5694444444444444,0.436051760457418,12.339236763668902,8.046920529801325
ETHUSDT,1d,25,dom_adx_med,5.2753595643256235,26,0.6923076923076923,0.21035209148359915,5.327359564325624,8.046920529801325
ETHUSDT,1d,25,dom_adx_p90,0.2148534038265867,10,0.6,0.05055672585013542,0.2348534038265867,8.046920529801325
ETHUSDT,1d,30,dom,12.269151679742196,69,0.5942028985507246,0.43484802888955765,12.407151679742197,8.046920529801325
ETHUSDT,1d,30,dom_adx_med,4.527585467313338,21,0.5714285714285714,0.19681011134517,4.569585467313337,8.046920529801325
ETHUSDT,1d,30,dom_adx_p90,0.2294200928321457,10,0.5,0.05416792055371652,0.24942009283214572,8.046920529801325
ETHUSDT,4h,2,dom,31.369326189156567,2512,0.4645700636942675,0.4971635122245093,36.39332618915613,7.871346928172491
ETHUSDT,4h,2,dom_adx_med,15.839943840804729,1525,0.4419672131147541,0.2453436417490838,18.889943840804822,7.871346928172491
ETHUSDT,4h,2,dom_adx_p90,3.7920318089076375,378,0.4417989417989418,0.05361714945529394,4.548031808907614,7.871346928172491
ETHUSDT,4h,3,dom,28.01437576657407,1978,0.4641051567239636,0.49319744967116824,31.97037576657376,7.871346928172491
ETHUSDT,4h,3,dom_adx_med,14.429084344724881,1131,0.4394341290893015,0.2415281891661228,16.691084344724935,7.871346928172491
ETHUSDT,4h,3,dom_adx_p90,3.8271275429870197,316,0.4588607594936709,0.051709423163813446,4.459127542986998,7.871346928172491
ETHUSDT,4h,4,dom,26.02880781913893,1687,0.4706579727326615,0.4837090215372258,29.40280781913868,7.871346928172491
ETHUSDT,4h,4,dom_adx_med,12.240660203427,912,0.42214912280701755,0.23816456649430193,14.06466020342702,7.871346928172491
ETHUSDT,4h,4,dom_adx_p90,2.7787199733266483,240,0.45,0.04739193734625232,3.2587199733266434,7.871346928172491
ETHUSDT,4h,5,dom,24.180648609790413,1448,0.4723756906077348,0.4802449922184849,27.076648609790276,7.871346928172491
ETHUSDT,4h,5,dom_adx_med,9.956040960095148,760,0.4144736842105263,0.23304382750138058,11.476040960095148,7.871346928172491
ETHUSDT,4h,5,dom_adx_p90,1.8853883461652667,200,0.43,0.04668909081781214,2.285388346165266,7.871346928172491
ETHUSDT,4h,6,dom,23.07324131961745,1301,0.47578785549577246,0.47773482604548423,25.675241319617296,7.871346928172491
ETHUSDT,4h,6,dom_adx_med,9.629182616368984,645,0.4046511627906977,0.23023244138761986,10.919182616368978,7.871346928172491
ETHUSDT,4h,6,dom_adx_p90,1.936657545560724,165,0.41818181818181815,0.04553441437823184,2.2666575455607227,7.871346928172491
ETHUSDT,4h,7,dom,22.506273862060915,1172,0.4761092150170648,0.47773482604548423,24.850273862060835,7.871346928172491
ETHUSDT,4h,7,dom_adx_med,9.44843374434516,565,0.41238938053097346,0.2288769516541995,10.57843374434511,7.871346928172491
ETHUSDT,4h,7,dom_adx_p90,1.678462182357766,137,0.41605839416058393,0.044630754555951606,1.9524621823577657,7.871346928172491
ETHUSDT,4h,8,dom,21.5275175006062,1064,0.48402255639097747,0.47602791304784375,23.655517500606155,7.871346928172491
ETHUSDT,4h,8,dom_adx_med,9.420299562457524,484,0.4256198347107438,0.2281239018022993,10.388299562457524,7.871346928172491
ETHUSDT,4h,8,dom_adx_p90,1.4321343751766797,118,0.4152542372881356,0.04387770470405141,1.66813437517668,7.871346928172491
ETHUSDT,4h,9,dom,20.58233501596716,980,0.4744897959183674,0.47627892966514385,22.542335015967097,7.871346928172491
ETHUSDT,4h,9,dom_adx_med,8.999145184849699,438,0.4132420091324201,0.22450926251317838,9.875145184849668,7.871346928172491
ETHUSDT,4h,9,dom_adx_p90,1.3018427849857577,107,0.45794392523364486,0.04357648476329133,1.515842784985757,7.871346928172491
ETHUSDT,4h,10,dom,20.346355150094627,901,0.4728079911209767,0.47467242331442344,22.14835515009453,7.871346928172491
ETHUSDT,4h,10,dom_adx_med,8.520433882650929,409,0.39853300733496333,0.22184848636979768,9.338433882650904,7.871346928172491
ETHUSDT,4h,10,dom_adx_p90,1.1946655280697627,97,0.4639175257731959,0.042170791706410964,1.3886655280697622,7.871346928172491
ETHUSDT,4h,12,dom,19.20022759729422,811,0.46979038224414305,0.46955168432150207,20.822227597294173,7.871346928172491
ETHUSDT,4h,12,dom_adx_med,8.056611283738196,356,0.40168539325842695,0.22049299663637734,8.768611283738183,7.871346928172491
ETHUSDT,4h,12,dom_adx_p90,1.0920481846832824,84,0.47619047619047616,0.04101611526683067,1.2600481846832825,7.871346928172491
ETHUSDT,4h,14,dom,18.521552843617133,757,0.46499339498018494,0.4635774888297605,20.035552843617097,7.871346928172491
ETHUSDT,4h,14,dom_adx_med,8.134935621994206,306,0.4411764705882353,0.21677795070033637,8.746935621994185,7.871346928172491
ETHUSDT,4h,14,dom_adx_p90,1.2519629305482718,74,0.5135135135135135,0.040765098649530596,1.399962930548272,7.871346928172491
ETHUSDT,4h,16,dom,17.65260362005746,713,0.43899018232819076,0.4592097996887394,19.078603620057475,7.871346928172491
ETHUSDT,4h,16,dom_adx_med,8.794215544102231,271,0.4870848708487085,0.21326371805813546,9.336215544102208,7.871346928172491
ETHUSDT,4h,16,dom_adx_p90,1.1162351471853462,61,0.5409836065573771,0.04071489532607059,1.2382351471853463,7.871346928172491
ETHUSDT,4h,18,dom,16.832776584883682,645,0.44651162790697674,0.45358702746121793,18.122776584883663,7.871346928172491
ETHUSDT,4h,18,dom_adx_med,8.594067469183386,239,0.48535564853556484,0.21075355188513478,9.07206746918337,7.871346928172491
ETHUSDT,4h,18,dom_adx_p90,1.3236036829152344,56,0.5,0.04031326873839048,1.4356036829152345,7.871346928172491
ETHUSDT,4h,21,dom,16.03568110348458,584,0.4212328767123288,0.44701039208795623,17.203681103484584,7.871346928172491
ETHUSDT,4h,21,dom_adx_med,7.797669636979922,207,0.42995169082125606,0.2053817962749134,8.211669636979916,7.871346928172491
ETHUSDT,4h,21,dom_adx_p90,1.1426012822242808,44,0.4772727272727273,0.041166725237210704,1.2306012822242807,7.871346928172491
ETHUSDT,4h,25,dom,15.37549365446675,527,0.43453510436432635,0.44224107635925497,16.429493654466746,7.871346928172491
ETHUSDT,4h,25,dom_adx_med,6.495902296371463,193,0.44041450777202074,0.19910638084241178,6.881902296371461,7.871346928172491
ETHUSDT,4h,25,dom_adx_p90,1.3739797010269321,42,0.40476190476190477,0.04096591194337065,1.4579797010269322,7.871346928172491
ETHUSDT,4h,30,dom,14.44392033233496,456,0.4166666666666667,0.4342587479291129,15.355920332334957,7.871346928172491
ETHUSDT,4h,30,dom_adx_med,6.252789911886925,175,0.48,0.19724885787439128,6.6027899118869255,7.871346928172491
ETHUSDT,4h,30,dom_adx_p90,1.2552462759523388,41,0.4146341463414634,0.0419197750891109,1.337246275952339,7.871346928172491
SOLUSDT,1w,2,dom,28.37056498668649,40,0.575,0.503125,28.45056498668648,33.735133539914415
SOLUSDT,1w,2,dom_adx_med,0.7330619044415561,10,0.6,0.084375,0.7530619044415561,33.735133539914415
SOLUSDT,1w,2,dom_adx_p90,-0.002,1,0.0,0.003125,0.0,33.735133539914415
SOLUSDT,1w,3,dom,31.107289054087143,31,0.4838709677419355,0.484375,31.16928905408714,33.735133539914415
SOLUSDT,1w,3,dom_adx_med,0.715520835030718,8,0.625,0.06875,0.731520835030718,33.735133539914415
SOLUSDT,1w,3,dom_adx_p90,-0.002,1,0.0,0.003125,0.0,33.735133539914415
SOLUSDT,1w,4,dom,31.99823517989496,26,0.4230769230769231,0.478125,32.050235179894926,33.735133539914415
SOLUSDT,1w,4,dom_adx_med,0.30825074767115856,8,0.375,0.0625,0.3242507476711586,33.735133539914415
SOLUSDT,1w,4,dom_adx_p90,0.0,0,,0.0,0.0,33.735133539914415
SOLUSDT,1w,5,dom,31.421633933515125,26,0.3076923076923077,0.471875,31.473633933515103,33.735133539914415
SOLUSDT,1w,5,dom_adx_med,0.32727959726669154,5,0.6,0.05,0.33727959726669154,33.735133539914415
SOLUSDT,1w,5,dom_adx_p90,0.0,0,,0.0,0.0,33.735133539914415
SOLUSDT,1w,6,dom,30.608523877702435,25,0.32,0.475,30.658523877702414,33.735133539914415
SOLUSDT,1w,6,dom_adx_med,0.13458443619481186,5,0.4,0.05,0.14458443619481187,33.735133539914415
SOLUSDT,1w,6,dom_adx_p90,0.0,0,,0.0,0.0,33.735133539914415
SOLUSDT,1w,7,dom,24.030210135078296,22,0.3181818181818182,0.46875,24.074210135078296,33.735133539914415
SOLUSDT,1w,7,dom_adx_med,-0.13614315964345702,5,0.2,0.05,-0.12614315964345701,33.735133539914415
SOLUSDT,1w,7,dom_adx_p90,0.0,0,,0.0,0.0,33.735133539914415
SOLUSDT,1w,8,dom,24.433710728810947,19,0.42105263157894735,0.475,24.471710728810944,33.735133539914415
SOLUSDT,1w,8,dom_adx_med,-0.3217544325188647,4,0.25,0.040625,-0.3137544325188647,33.735133539914415
SOLUSDT,1w,8,dom_adx_p90,0.0,0,,0.0,0.0,33.735133539914415
SOLUSDT,1w,9,dom,19.05656701327618,17,0.5294117647058824,0.490625,19.090567013276182,33.735133539914415
SOLUSDT,1w,9,dom_adx_med,-0.30838657212623577,4,0.25,0.0375,-0.30038657212623576,33.735133539914415
SOLUSDT,1w,9,dom_adx_p90,0.0,0,,0.0,0.0,33.735133539914415
SOLUSDT,1w,10,dom,18.851203837004654,17,0.5882352941176471,0.48125,18.885203837004653,33.735133539914415
SOLUSDT,1w,10,dom_adx_med,0.10389950496383116,4,0.25,0.03125,0.11189950496383116,33.735133539914415
SOLUSDT,1w,10,dom_adx_p90,0.0,0,,0.0,0.0,33.735133539914415
SOLUSDT,1w,12,dom,18.314754098262373,14,0.5714285714285714,0.478125,18.342754098262372,33.735133539914415
SOLUSDT,1w,12,dom_adx_med,-0.04874733418198296,3,0.3333333333333333,0.028125,-0.042747334181982954,33.735133539914415
SOLUSDT,1w,12,dom_adx_p90,0.0,0,,0.0,0.0,33.735133539914415
SOLUSDT,1w,14,dom,17.878187752878862,12,0.6666666666666666,0.484375,17.90218775287886,33.735133539914415
SOLUSDT,1w,14,dom_adx_med,0.007087785217223974,2,0.5,0.021875,0.011087785217223978,33.735133539914415
SOLUSDT,1w,14,dom_adx_p90,0.0,0,,0.0,0.0,33.735133539914415
SOLUSDT,1w,16,dom,16.657333921163758,11,0.6363636363636364,0.490625,16.679333921163757,33.735133539914415
SOLUSDT,1w,16,dom_adx_med,0.007087785217223974,2,0.5,0.021875,0.011087785217223978,33.735133539914415
SOLUSDT,1w,16,dom_adx_p90,0.0,0,,0.0,0.0,33.735133539914415
SOLUSDT,1w,18,dom,15.642056652240948,12,0.5833333333333334,0.496875,15.666056652240949,33.735133539914415
SOLUSDT,1w,18,dom_adx_med,0.162815590947192,1,1.0,0.015625,0.164815590947192,33.735133539914415
SOLUSDT,1w,18,dom_adx_p90,0.0,0,,0.0,0.0,33.735133539914415
SOLUSDT,1w,21,dom,14.551132820109578,11,0.5454545454545454,0.51875,14.57313282010958,33.735133539914415
SOLUSDT,1w,21,dom_adx_med,-0.02598034398034399,1,0.0,0.009375,-0.023980343980343988,33.735133539914415
SOLUSDT,1w,21,dom_adx_p90,0.0,0,,0.0,0.0,33.735133539914415
SOLUSDT,1w,25,dom,10.013008068398868,10,0.5,0.51875,10.03300806839887,33.735133539914415
SOLUSDT,1w,25,dom_adx_med,0.0,0,,0.0,0.0,33.735133539914415
SOLUSDT,1w,25,dom_adx_p90,0.0,0,,0.0,0.0,33.735133539914415
SOLUSDT,1w,30,dom,11.639906194433982,5,0.6,0.521875,11.649906194433978,33.735133539914415
SOLUSDT,1w,30,dom_adx_med,0.0,0,,0.0,0.0,33.735133539914415
SOLUSDT,1w,30,dom_adx_p90,0.0,0,,0.0,0.0,33.735133539914415
SOLUSDT,1d,2,dom,15.069874026406662,277,0.5090252707581228,0.4979847738468428,15.623874026406666,34.68288616037593
SOLUSDT,1d,2,dom_adx_med,7.422835894909367,158,0.47468354430379744,0.22033139274518584,7.738835894909357,34.68288616037593
SOLUSDT,1d,2,dom_adx_p90,1.6726378625385299,39,0.4358974358974359,0.0483654276757725,1.7506378625385297,34.68288616037593
SOLUSDT,1d,3,dom,16.322458303184018,217,0.4976958525345622,0.502910882221227,16.756458303184026,34.68288616037593
SOLUSDT,1d,3,dom_adx_med,6.5476834978350755,113,0.4336283185840708,0.22122704881325572,6.773683497835065,34.68288616037593
SOLUSDT,1d,3,dom_adx_p90,2.3359671280249508,26,0.5384615384615384,0.048813255709807435,2.3879671280249513,34.68288616037593
SOLUSDT,1d,4,dom,15.673624540207113,189,0.49206349206349204,0.49888042991491266,16.05162454020711,34.68288616037593
SOLUSDT,1d,4,dom_adx_med,7.538043711962422,87,0.40229885057471265,0.22346618898343037,7.7120437119624174,34.68288616037593
SOLUSDT,1d,4,dom_adx_p90,2.4142148076602283,24,0.5833333333333334,0.05105239587998209,2.462214807660226,34.68288616037593
SOLUSDT,1d,5,dom,16.772484098505398,161,0.4720496894409938,0.49261083743842365,17.094484098505387,34.68288616037593
SOLUSDT,1d,5,dom_adx_med,8.527440337564444,70,0.42857142857142855,0.21898790864308107,8.667440337564443,34.68288616037593
SOLUSDT,1d,5,dom_adx_p90,2.5037517269428724,22,0.6363636363636364,0.05553067622033139,2.5477517269428716,34.68288616037593
SOLUSDT,1d,6,dom,16.862935284629717,142,0.47183098591549294,0.4935064935064935,17.146935284629716,34.68288616037593
SOLUSDT,1d,6,dom_adx_med,7.918622264236145,60,0.43333333333333335,0.22122704881325572,8.038622264236146,34.68288616037593
SOLUSDT,1d,6,dom_adx_p90,3.2689711546854796,16,0.6875,0.06090461262875056,3.3009711546854783,34.68288616037593
SOLUSDT,1d,7,dom,15.423484918665576,129,0.4573643410852713,0.4894760412001791,15.681484918665575,34.68288616037593
SOLUSDT,1d,7,dom_adx_med,7.213750106904264,53,0.49056603773584906,0.22122704881325572,7.319750106904262,34.68288616037593
SOLUSDT,1d,7,dom_adx_p90,2.405564280068028,13,0.6923076923076923,0.06045678459471563,2.4315642800680264,34.68288616037593
SOLUSDT,1d,8,dom,22.858767853715985,110,0.4727272727272727,0.4912673533363189,23.07876785371595,34.68288616037593
SOLUSDT,1d,8,dom_adx_med,7.157563000061609,51,0.49019607843137253,0.22167487684729065,7.259563000061603,34.68288616037593
SOLUSDT,1d,8,dom_adx_p90,2.6265198355677324,13,0.6923076923076923,0.06403940886699508,2.6525198355677326,34.68288616037593
SOLUSDT,1d,9,dom,22.96898082793562,108,0.4537037037037037,0.49216300940438873,23.18498082793559,34.68288616037593
SOLUSDT,1d,9,dom_adx_med,7.405578491159418,47,0.3829787234042553,0.22212270488132557,7.499578491159415,34.68288616037593
SOLUSDT,1d,9,dom_adx_p90,2.321626299608285,12,0.5,0.06538289296909987,2.345626299608286,34.68288616037593
SOLUSDT,1d,10,dom,23.296040236104794,100,0.47,0.48992386923421405,23.496040236104765,34.68288616037593
SOLUSDT,1d,10,dom_adx_med,8.419413833114668,40,0.375,0.21988356471115092,8.499413833114671,34.68288616037593
SOLUSDT,1d,10,dom_adx_p90,2.0695385822891965,11,0.36363636363636365,0.06403940886699508,2.0915385822891963,34.68288616037593
SOLUSDT,1d,12,dom,26.69858870369635,87,0.4482758620689655,0.4908195253022839,26.872588703696337,34.68288616037593
SOLUSDT,1d,12,dom_adx_med,8.56746737614231,31,0.3870967741935484,0.20913569189431258,8.629467376142314,34.68288616037593
SOLUSDT,1d,12,dom_adx_p90,1.871600806664358,12,0.4166666666666667,0.06896551724137931,1.895600806664359,34.68288616037593
SOLUSDT,1d,14,dom,26.385596253882525,82,0.4146341463414634,0.4908195253022839,26.549596253882516,34.68288616037593
SOLUSDT,1d,14,dom_adx_med,7.619538479258455,30,0.3333333333333333,0.20600089565606808,7.6795384792584525,34.68288616037593
SOLUSDT,1d,14,dom_adx_p90,2.1368125288197444,12,0.3333333333333333,0.07523510971786834,2.160812528819744,34.68288616037593
SOLUSDT,1d,16,dom,39.37900826979564,81,0.41975308641975306,0.4845499328257949,39.541008269795704,34.68288616037593
SOLUSDT,1d,16,dom_adx_med,6.785287523956797,33,0.3333333333333333,0.20600089565606808,6.851287523956794,34.68288616037593
SOLUSDT,1d,16,dom_adx_p90,2.5973076052728143,10,0.4,0.0747872816838334,2.6173076052728144,34.68288616037593
SOLUSDT,1d,18,dom,39.24574409656433,76,0.3815789473684211,0.4818629646215853,39.397744096564395,34.68288616037593
SOLUSDT,1d,18,dom_adx_med,6.62523075339147,32,0.5,0.21182266009852216,6.689230753391469,34.68288616037593
SOLUSDT,1d,18,dom_adx_p90,2.6768511335935226,6,0.8333333333333334,0.07299596954769369,2.6888511335935226,34.68288616037593
SOLUSDT,1d,21,dom,38.949725937956735,71,0.3380281690140845,0.477384684281236,39.09172593795678,34.68288616037593
SOLUSDT,1d,21,dom_adx_med,5.68353959096401,29,0.41379310344827586,0.20913569189431258,5.741539590964007,34.68288616037593
SOLUSDT,1d,21,dom_adx_p90,2.935226201674392,5,0.8,0.07075682937751904,2.9452262016743918,34.68288616037593
SOLUSDT,1d,25,dom,30.4215959307575,60,0.36666666666666664,0.47648902821316613,30.54159593075751,34.68288616037593
SOLUSDT,1d,25,dom_adx_med,5.329715154598645,23,0.6521739130434783,0.21182266009852216,5.375715154598645,34.68288616037593
SOLUSDT,1d,25,dom_adx_p90,3.075920755319536,7,0.42857142857142855,0.07165248544558889,3.089920755319536,34.68288616037593
SOLUSDT,1d,30,dom,25.486455813759274,59,0.3220338983050847,0.46036721898790867,25.604455813759266,34.68288616037593
SOLUSDT,1d,30,dom_adx_med,4.737392037098016,20,0.45,0.20376175548589343,4.7773920370980125,34.68288616037593
SOLUSDT,1d,30,dom_adx_p90,1.9126514135141792,6,0.5,0.06627854903716973,1.924651413514179,34.68288616037593
SOLUSDT,4h,2,dom,29.310820255562973,1647,0.47783849423193686,0.4914520343411721,32.60482025556271,39.275116342732
SOLUSDT,4h,2,dom_adx_med,13.738557458386667,1014,0.4319526627218935,0.24098544232922733,15.766557458386695,39.275116342732
SOLUSDT,4h,2,dom_adx_p90,3.6329406434234963,252,0.4365079365079365,0.0524822695035461,4.136940643423479,39.275116342732
SOLUSDT,4h,3,dom,25.750521879808616,1301,0.4727132974634896,0.48809257185516985,28.352521879808524,39.275116342732
SOLUSDT,4h,3,dom_adx_med,12.293068360608176,797,0.4491844416562108,0.2391190742814483,13.887068360608207,39.275116342732
SOLUSDT,4h,3,dom_adx_p90,3.09332336680649,204,0.37745098039215685,0.050989175065322884,3.5013233668064805,39.275116342732
SOLUSDT,4h,4,dom,23.733030919107428,1115,0.4744394618834081,0.4883911907428145,25.96303091910728,39.275116342732
SOLUSDT,4h,4,dom_adx_med,9.028911310968523,641,0.41341653666146644,0.2387458006718925,10.310911310968509,39.275116342732
SOLUSDT,4h,4,dom_adx_p90,2.5745563165434002,151,0.4900662251655629,0.04860022396416573,2.8765563165433967,39.275116342732
SOLUSDT,4h,5,dom,22.061711375143737,960,0.4708333333333333,0.4885405001866368,23.981711375143625,39.275116342732
SOLUSDT,4h,5,dom_adx_med,7.852451538363521,537,0.42830540037243947,0.24098544232922733,8.926451538363482,39.275116342732
SOLUSDT,4h,5,dom_adx_p90,1.8403730042787816,131,0.4198473282442748,0.04912280701754386,2.1023730042787814,39.275116342732
SOLUSDT,4h,6,dom,21.406429407598203,843,0.4626334519572954,0.48615154908547964,23.092429407598143,39.275116342732
SOLUSDT,4h,6,dom_adx_med,7.43426362158192,456,0.42105263157894735,0.2379992534527809,8.346263621581882,39.275116342732
SOLUSDT,4h,6,dom_adx_p90,1.6498205816223688,108,0.37037037037037035,0.04994400895856663,1.8658205816223683,39.275116342732
SOLUSDT,4h,7,dom,20.03782071256095,760,0.46842105263157896,0.48525569242254574,21.557820712560915,39.275116342732
SOLUSDT,4h,7,dom_adx_med,7.268461793882805,389,0.4370179948586118,0.2356849570735349,8.046461793882777,39.275116342732
SOLUSDT,4h,7,dom_adx_p90,0.9774283721759455,89,0.34831460674157305,0.04874953340798806,1.1554283721759455,39.275116342732
SOLUSDT,4h,8,dom,18.749654862929106,711,0.45288326300984527,0.48697275102650245,20.171654862929056,39.275116342732
SOLUSDT,4h,8,dom_adx_med,6.389735566872787,353,0.40793201133144474,0.23710339678984696,7.095735566872762,39.275116342732
SOLUSDT,4h,8,dom_adx_p90,0.872429407214393,82,0.3902439024390244,0.04994400895856663,1.0364294072143931,39.275116342732
SOLUSDT,4h,9,dom,18.163106889746665,672,0.4583333333333333,0.4889137737961926,19.50710688974662,39.275116342732
SOLUSDT,4h,9,dom_adx_med,6.826016510951736,334,0.4221556886227545,0.23994027622247108,7.494016510951718,39.275116342732
SOLUSDT,4h,9,dom_adx_p90,0.6053615562345149,74,0.32432432432432434,0.049720044792833144,0.7533615562345151,39.275116342732
SOLUSDT,4h,10,dom,18.016647055549164,622,0.4517684887459807,0.48562896603210154,19.260647055549146,39.275116342732
SOLUSDT,4h,10,dom_adx_med,6.39877889366843,297,0.4107744107744108,0.2387458006718925,6.992778893668413,39.275116342732
SOLUSDT,4h,10,dom_adx_p90,0.5414154588889704,71,0.323943661971831,0.05001866368047779,0.6834154588889705,39.275116342732
SOLUSDT,4h,12,dom,17.73944167951735,562,0.45729537366548045,0.483986562150056,18.863441679517358,39.275116342732
SOLUSDT,4h,12,dom_adx_med,5.91949731524587,267,0.4344569288389513,0.2375513251213139,6.453497315245855,39.275116342732
SOLUSDT,4h,12,dom_adx_p90,1.0751641604168514,56,0.375,0.04837625979843225,1.1871641604168515,39.275116342732
SOLUSDT,4h,14,dom,17.537721584623966,515,0.4330097087378641,0.4854796565882792,18.567721584623946,39.275116342732
SOLUSDT,4h,14,dom_adx_med,7.51015331419184,230,0.4217391304347826,0.23658081373646883,7.970153314191832,39.275116342732
SOLUSDT,4h,14,dom_adx_p90,0.6182396250873865,51,0.3137254901960784,0.046360582306830905,0.7202396250873866,39.275116342732
SOLUSDT,4h,16,dom,16.43751404513601,479,0.4091858037578288,0.4845837999253453,17.395514045136036,39.275116342732
SOLUSDT,4h,16,dom_adx_med,7.032406034878721,209,0.4019138755980861,0.23486375513251212,7.450406034878711,39.275116342732
SOLUSDT,4h,16,dom_adx_p90,0.4172443738703332,47,0.3191489361702128,0.04479283314669653,0.5112443738703333,39.275116342732
SOLUSDT,4h,18,dom,15.407161039606526,452,0.40707964601769914,0.483538633818589,16.31116103960655,39.275116342732
SOLUSDT,4h,18,dom_adx_med,6.266162731834795,192,0.3072916666666667,0.23307204180664426,6.650162731834783,39.275116342732
SOLUSDT,4h,18,dom_adx_p90,0.7115697607054798,38,0.42105263157894735,0.04464352370287421,0.7875697607054799,39.275116342732
SOLUSDT,4h,21,dom,15.384391125082079,424,0.4221698113207547,0.48212019410227697,16.232391125082103,39.275116342732
SOLUSDT,4h,21,dom_adx_med,7.11654928577949,165,0.3393939393939394,0.23351997013811124,7.446549285779486,39.275116342732
SOLUSDT,4h,21,dom_adx_p90,0.7684847777445538,38,0.3157894736842105,0.04807764091078761,0.8444847777445535,39.275116342732
SOLUSDT,4h,25,dom,15.69228959291718,378,0.4021164021164021,0.48100037327360956,16.44828959291721,39.275116342732
SOLUSDT,4h,25,dom_adx_med,7.820275044822237,135,0.42962962962962964,0.23426651735722284,8.09027504482224,39.275116342732
SOLUSDT,4h,25,dom_adx_p90,0.5594241349039172,34,0.2647058823529412,0.04889884285181038,0.627424134903917,39.275116342732
SOLUSDT,4h,30,dom,15.113070444794383,322,0.38198757763975155,0.48226950354609927,15.757070444794397,39.275116342732
SOLUSDT,4h,30,dom_adx_med,7.866010547992174,116,0.43103448275862066,0.23008585293019784,8.098010547992168,39.275116342732
SOLUSDT,4h,30,dom_adx_p90,0.697975327996253,30,0.3333333333333333,0.04860022396416573,0.7579753279962528,39.275116342732
